symbol,date,open,high,low,close,volume
DEMO_A,2023-01-02,150.1364412267644,153.14651277798097,149.04143311303022,152.4003746379051,117569
DEMO_A,2023-01-03,151.56551124672973,154.212074714381,149.8460398347862,153.9480456642725,142650
DEMO_A,2023-01-04,154.45811480989704,159.6816935601207,153.37140025382052,158.0153070827437,114988
DEMO_A,2023-01-05,157.55881130787202,159.05419729080444,154.6464363730457,155.89410366854102,97637
DEMO_A,2023-01-06,155.91471984494106,157.11728591587635,153.84270680753932,155.66545734680685,82924
DEMO_A,2023-01-09,156.46416217865826,157.52933724235953,152.25498040646775,153.24652601652306,112268
DEMO_A,2023-01-10,153.95782948872187,156.25337124643823,153.64126660314838,155.8473010536099,136745
DEMO_A,2023-01-11,155.71944815082423,156.70979876360377,153.8772863804464,154.15030367202118,125655
DEMO_A,2023-01-12,154.3886794119235,156.91671298492378,153.53042037018926,155.7376360711138,110231
DEMO_A,2023-01-13,155.77869499394996,158.23876377238588,155.00414056449415,157.17956504002922,119076
DEMO_A,2023-01-16,157.85500201812826,162.64977280457188,157.61808898724243,161.17214565620478,124952
DEMO_A,2023-01-17,161.86175934483526,162.46747946309625,160.55740002829108,162.42644213104228,131069
DEMO_A,2023-01-18,162.4463977847923,164.69535363454037,161.8791553568491,164.19737453086438,115175
DEMO_A,2023-01-19,164.2499429312405,170.3834502976695,163.42967102791786,170.00310802462147,141204
DEMO_A,2023-01-20,170.9225219715771,172.12188246075922,169.00015979228863,171.64640848643722,101872
DEMO_A,2023-01-23,172.22651513044227,175.29608844046993,170.9090218038665,174.94463705673084,89265
DEMO_A,2023-01-24,175.25833918751508,180.0415596910096,174.46538858644837,178.25227876499645,146038
DEMO_A,2023-01-25,178.6100575588043,184.16063811287893,177.70014485385252,181.9948401704534,140926
DEMO_A,2023-01-26,181.31962244429408,181.60637645257017,177.90184404722618,178.94163893025305,102203
DEMO_A,2023-01-27,178.66476312539297,179.9385516870472,178.2703351619938,179.68775653733448,88614
DEMO_A,2023-01-30,181.10912392554357,183.4469364405588,179.06581065581187,181.99672082901128,127148
DEMO_A,2023-01-31,183.15718854074973,192.0805980340991,183.07551551311164,190.3697311425868,153645
DEMO_A,2023-02-01,190.43884632990424,191.94907082686066,188.0483338911327,188.53013609673692,114182
DEMO_A,2023-02-02,189.68262412362222,195.273013036684,189.37553294561144,193.7695068530095,137923
DEMO_A,2023-02-03,193.60427826922142,198.6824120584499,192.9262057509289,197.24755868219432,119099
DEMO_A,2023-02-06,197.4929825362106,203.51800430599874,196.21548804854692,202.1774030696763,117001
DEMO_A,2023-02-07,201.88619067262863,206.56927785898063,200.73688015294442,206.5603694191487,136559
DEMO_A,2023-02-08,206.3875453093496,210.39652950032766,205.6794993330911,208.64895265954786,130689
DEMO_A,2023-02-09,207.75532314492384,212.80356441563202,207.00504127350789,212.01473613870954,103145
DEMO_A,2023-02-10,211.54626658799887,219.40564634172728,211.3434447837262,217.06531829371994,97995
DEMO_A,2023-02-13,217.31650785134846,222.91761994625963,217.01459742068235,221.2442222945635,143189
DEMO_A,2023-02-14,220.292141961617,221.02212901057518,219.81211210242947,220.01843684557028,95969
DEMO_A,2023-02-15,220.60997552839564,223.236787623682,219.90642919406093,221.6154162913727,71741
DEMO_A,2023-02-16,222.4733933454019,227.3507862713453,221.85555100408106,225.7273120279445,87446
DEMO_A,2023-02-17,226.725758009971,227.72545272710076,224.162305748538,226.0363787517309,106448
DEMO_A,2023-02-20,225.72047844387055,229.3106209192272,223.1277503474029,228.71108224713063,91520
DEMO_A,2023-02-21,230.12414177644192,232.26798754756618,229.6334997484707,232.03818505043427,93616
DEMO_A,2023-02-22,232.47794117333416,236.6973824744833,231.5114387442053,234.87513196824477,83323
DEMO_A,2023-02-23,233.509840310619,236.43340333056125,230.99279827325975,235.601218263852,91544
DEMO_A,2023-02-24,235.33242337320533,236.89725073323217,230.92324674551296,233.62261182734767,103749
DEMO_A,2023-02-27,234.77042928785147,239.84785280863278,233.0498909211172,237.21999574467944,94216
DEMO_A,2023-02-28,239.32991658601256,244.91168999156204,238.20539906616435,243.80754244230226,95640
DEMO_A,2023-03-01,243.55632620474776,245.78326271027998,241.82664514735634,242.13357760050425,122947
DEMO_A,2023-03-02,241.40948813207967,242.6947885397629,236.48545881656204,237.47592445857734,100109
DEMO_A,2023-03-03,237.02740883752597,238.60918479828203,232.2949042103771,234.323670821367,106292
DEMO_A,2023-03-06,235.15996629112735,236.73410237109405,233.86781031878076,234.36088326761057,114451
DEMO_A,2023-03-07,235.88062839867274,240.61877211437854,235.67854302945562,240.38669448233748,101892
DEMO_A,2023-03-08,239.54434987714822,242.22286426047543,235.8708858716216,236.63738034227381,111423
DEMO_A,2023-03-09,235.99903505374448,239.36226415099492,235.73318732304588,237.48080606008082,101891
DEMO_A,2023-03-10,238.74913091318524,242.5119328334826,238.33669136338534,241.8182074364366,126034
DEMO_A,2023-03-13,241.47187352269438,243.42153323837584,237.30913941693595,237.94083529687452,132781
DEMO_A,2023-03-14,238.68551408316475,241.5442091255651,233.66774502400105,236.10533729932058,110985
DEMO_A,2023-03-15,234.9238902053145,236.67487998740313,233.7603978674635,235.19178384570466,86739
DEMO_A,2023-03-16,234.57331486964438,235.97627406891155,230.12383519296142,230.583373757886,123763
DEMO_A,2023-03-17,230.16006409383053,233.42048162472315,229.91142404488596,231.3629936753225,132546
DEMO_A,2023-03-20,230.1172354271396,231.88411104714976,228.43414616900245,228.99909786203725,98468
DEMO_A,2023-03-21,229.15395149422537,231.6708525277898,225.06169610251288,225.60632543290197,134449
DEMO_A,2023-03-22,224.988007803274,226.13004801416068,220.59082617584147,223.21242989914722,121937
DEMO_A,2023-03-23,223.07963666980075,225.06560806897969,219.8976392308036,221.99691921626885,77577
DEMO_A,2023-03-24,222.04515398273074,224.63482695212292,220.56015412905526,220.69025359249582,111954
DEMO_A,2023-03-27,220.75127056150166,223.01613402854886,215.2783849964869,215.5518516981556,131357
DEMO_A,2023-03-28,218.0715066060061,220.54762083727312,217.4658977887053,218.03213299287466,118560
DEMO_A,2023-03-29,216.4360830991188,217.00467801005288,209.82708922680536,211.35128723921,122871
DEMO_A,2023-03-30,212.87255033527643,214.34621452188077,210.02397824632013,210.6667114323614,108876
DEMO_A,2023-03-31,209.24422112714365,209.70017310387735,208.080299066256,209.65138221878786,107622
DEMO_A,2023-04-03,208.3452080644769,209.33510236414682,207.47644470201448,207.96278378451623,106286
DEMO_A,2023-04-04,208.13365111204237,210.10274145781682,203.43135244076385,203.6347352022578,90895
DEMO_A,2023-04-05,203.95252235829048,205.39960326963615,200.5796975784355,201.3690796471418,117102
DEMO_A,2023-04-06,201.41725539133017,202.96574720994508,198.1799587082,198.50486836885756,98897
DEMO_A,2023-04-07,199.06517590397263,201.40444325547256,196.9825778881175,199.33745523131006,90388
DEMO_A,2023-04-10,200.0375256977904,203.20409114587636,199.4288632867796,202.4154292173417,86496
DEMO_A,2023-04-11,201.47563014607152,202.67732084711707,200.1611987773268,202.04494100579777,131029
DEMO_A,2023-04-12,203.17338784825498,205.1185475104159,201.1118332755684,204.8516952558788,110359
DEMO_A,2023-04-13,205.4184434503761,207.2844379271688,202.34931548698665,203.955167289151,75205
DEMO_A,2023-04-14,203.86754645020113,205.441189474811,201.81069716398267,203.65032921301065,88349
DEMO_A,2023-04-17,204.9725552531198,207.3104045958643,203.4584979199707,204.6531062823977,103903
DEMO_A,2023-04-18,204.77569777849925,207.7941734282311,203.56654653726255,206.10009950645866,128251
DEMO_A,2023-04-19,205.8885089458826,208.55994186372263,203.4483679287552,208.22159629359123,121375
DEMO_A,2023-04-20,208.49644674049668,209.0650759693389,206.95617788151839,207.1367829427246,105260
DEMO_A,2023-04-21,207.10233504181411,209.334951448035,207.04584772543456,207.2400733243696,103550
DEMO_A,2023-04-24,206.1798775414214,209.31886761687144,205.69333695041118,209.30719745039187,99572
DEMO_A,2023-04-25,210.43732941459245,214.00291642262536,208.26727258453684,212.2089937474083,132242
DEMO_A,2023-04-26,213.1284657755119,215.1625312223331,210.02793382582632,210.57273687603066,137861
DEMO_A,2023-04-27,209.6520641835472,211.6822911313377,209.53142789119215,209.6233032607353,85998
DEMO_A,2023-04-28,210.01749646837567,210.73275417949299,208.78999726974754,208.90000919164746,107433
DEMO_A,2023-05-01,208.83398966864976,210.24230048033237,205.19253928675764,206.9400821302921,98225
DEMO_A,2023-05-02,206.24740120906202,208.460391247934,205.27168871649258,206.58492395492578,107588
DEMO_A,2023-05-03,206.19618393452845,209.2648871065704,205.07866214770058,208.81054344055352,98558
DEMO_A,2023-05-04,208.41100593288965,213.6367744952803,206.4985361018701,212.59399186878824,101718
DEMO_A,2023-05-05,212.34044819465007,212.50642882442887,209.90739421804702,210.704782886361,91355
DEMO_A,2023-05-08,210.00233829281694,212.145629548742,205.8557400590845,207.42504272288397,139777
DEMO_A,2023-05-09,208.27382114743645,211.2283508980402,207.4085951779774,210.12187175866447,135234
DEMO_A,2023-05-10,209.56393977906157,216.01327382619974,207.44699577923006,215.17111728707437,155192
DEMO_A,2023-05-11,216.6952540223376,218.12615738745558,214.79313951577686,217.02011304041153,126715
DEMO_A,2023-05-12,215.66163665621204,217.77533970491103,214.721206220216,216.4286846747608,91613
DEMO_A,2023-05-15,215.81232241404967,221.9213740262361,215.28221464702193,219.32844246781974,131435
DEMO_A,2023-05-16,219.9234390705752,222.79264322866806,217.8852651477224,221.7097236514605,81476
DEMO_A,2023-05-17,221.9731093493382,227.97735612772038,221.32751351887387,225.57880733069655,108151
DEMO_A,2023-05-18,225.23847879645973,230.32601693098826,224.08914932773916,228.1273221921722,79985
DEMO_A,2023-05-19,227.33837407429112,228.87841012121135,223.90026886037364,225.53716715789966,99425
DEMO_A,2023-05-22,225.34477594439593,235.63808299316653,224.06854090768448,233.6580008049004,142844
DEMO_A,2023-05-23,233.30405487219534,235.00243419134554,230.3459194024798,233.01224004539745,107914
DEMO_A,2023-05-24,231.5396825689244,233.82682531579766,226.85727003030203,229.59848485345603,84782
DEMO_A,2023-05-25,229.5665560482847,229.77627659339979,227.12722124047562,229.74779191200912,84575
DEMO_A,2023-05-26,230.11126412073213,230.9094925312766,228.65092543058654,228.80296166769813,89280
DEMO_A,2023-05-29,227.9658787820572,229.5768426846301,224.07467071379335,225.62261095839884,119578
DEMO_A,2023-05-30,223.0919802693339,223.87842746756797,222.05157643824086,223.55606649842915,79658
DEMO_A,2023-05-31,224.45020235421632,225.32688295147437,220.02497055884223,221.6029516695348,118903
DEMO_A,2023-06-01,221.35311955174984,226.6355963278095,220.08718595035063,226.5054752903599,128915
DEMO_A,2023-06-02,226.3650671885014,227.12144524164057,222.98228347673538,223.88477809429784,94213
DEMO_A,2023-06-05,222.67976621604544,224.59870636336242,220.55168372216872,223.4601367122119,88042
DEMO_A,2023-06-06,223.1705508499182,226.69187585927318,221.1495475714562,225.80922747302841,116681
DEMO_A,2023-06-07,226.19400530248518,228.70130348290482,224.11932043294632,226.85358238770212,111792
DEMO_A,2023-06-08,226.89354250547052,228.76294769423396,224.81992516716704,225.54085172071146,134738
DEMO_A,2023-06-09,224.57451503875265,228.25038177350126,223.69966229968136,226.51806984754782,118838
DEMO_A,2023-06-12,227.13536853010174,235.25004918515648,226.40345846558702,234.31928861452133,165777
DEMO_A,2023-06-13,232.28243191917636,236.57805722313694,229.95080836370678,234.4899289026514,138041
DEMO_A,2023-06-14,233.76531608318038,236.01207474207018,233.33776535905938,235.59781225389884,73699
DEMO_A,2023-06-15,234.41925021906277,234.62688870273556,230.07087235905482,232.73406957708215,85730
DEMO_A,2023-06-16,231.99195387792366,233.80424512920584,229.29122274466087,232.02487222968435,105098
DEMO_A,2023-06-19,231.86747749983883,237.6493739085317,231.5117728922232,234.89382263143784,138423
DEMO_A,2023-06-20,232.28762524446702,232.46280873336875,227.67132410867217,230.30127092179902,122788
DEMO_A,2023-06-21,231.3440228249237,232.0888996959685,228.4995998333464,229.24009260762932,106103
DEMO_A,2023-06-22,230.8413296455243,233.1087369933382,230.40118912437345,230.98658608442167,103024
DEMO_A,2023-06-23,232.93418029560482,233.76214333481144,229.89347111535142,231.32557965955422,108389
DEMO_A,2023-06-26,231.1969974972608,231.92808565339726,227.4077270688994,228.8410459716797,112815
DEMO_A,2023-06-27,227.847417793683,230.2642256657084,226.18586728124825,226.39962489445725,81271
DEMO_A,2023-06-28,227.7209190715136,229.5939831045261,222.8516205120291,224.57588123236707,112369
DEMO_A,2023-06-29,224.22526208990615,226.76863873271478,223.47499528917,226.4408758253096,133667
DEMO_A,2023-06-30,227.44420252337142,230.62715791040804,225.1007062277136,228.39678524830964,83949
DEMO_A,2023-07-03,228.15107013970328,230.71296538216396,227.41317223720588,229.26476870907996,107345
DEMO_A,2023-07-04,229.04172763704926,230.57808152761712,224.42787407107525,225.9850624199433,134800
DEMO_A,2023-07-05,226.38089777051187,229.0873284107383,224.13102976796503,224.31936738522876,134486
DEMO_A,2023-07-06,223.1511853659775,224.22592918320024,217.88805464180837,218.56490882754355,99041
DEMO_A,2023-07-07,218.05159205003807,219.60226169571226,216.68915469090751,218.27189247294422,88877
DEMO_A,2023-07-10,218.5849402915751,220.3646466446545,215.4592339277324,217.25004857810734,107571
DEMO_A,2023-07-11,217.0605984155625,218.74000160745112,214.7282704158138,215.0982632082583,106040
DEMO_A,2023-07-12,215.85902467303228,219.17591181434696,215.65148314569498,217.47367572265162,127478
DEMO_A,2023-07-13,216.26429460099277,218.49124183450726,208.33095235512891,210.16181242989123,125093
DEMO_A,2023-07-14,209.10432278642205,211.51151279977637,207.53146891284752,209.9534401636841,123738
DEMO_A,2023-07-17,210.31271585464944,212.53743301231523,206.988331979909,207.7727175775192,88664
DEMO_A,2023-07-18,206.77707679128625,210.1832292820268,206.6999931330288,207.72339720402397,106406
DEMO_A,2023-07-19,206.3289069296303,206.6479266708077,204.56828886343862,205.15559490043802,93647
DEMO_A,2023-07-20,205.0652408504189,208.12666492455992,203.76694400522527,206.08846593717868,93562
DEMO_A,2023-07-21,206.25934330603843,206.96834696986753,205.29016887479546,206.7956100829428,116955
DEMO_A,2023-07-24,206.23650827514206,208.40146606506678,205.15077981303764,205.49314445124648,107071
DEMO_A,2023-07-25,205.11813419616888,208.42289948138813,204.38893647134145,206.4657156697904,112335
DEMO_A,2023-07-26,206.6170370975413,207.70180917139774,206.45458909916496,207.3938116272348,80110
DEMO_A,2023-07-27,206.8510138545124,206.92929343824983,202.40795530132183,202.5512800158267,110417
DEMO_A,2023-07-28,202.4530344749501,203.9097426712736,197.71253964763332,199.7320609469953,105259
DEMO_A,2023-07-31,198.0947427367932,201.12015666927036,197.5320069689434,200.48835790240892,113111
DEMO_A,2023-08-01,200.45973168608322,203.19999011846926,199.10974517988382,201.03658967741697,126586
DEMO_A,2023-08-02,202.13834302124314,206.9774490936715,201.04292423106077,205.52013301701768,105292
DEMO_A,2023-08-03,205.2716525180696,207.46545934810416,201.22673537863975,203.34570273903265,107026
DEMO_A,2023-08-04,203.34796653497534,205.51308756942433,200.9327242422856,201.80999764426144,78772
DEMO_A,2023-08-07,201.67923181109327,205.0406960486875,199.44745437718444,202.88663085531564,90732
DEMO_A,2023-08-08,203.52199250251184,204.2916532206115,201.32305974387776,203.8857809742272,122877
DEMO_A,2023-08-09,203.7559079085987,203.83617256629313,201.64898546889557,203.63511696263498,77247
DEMO_A,2023-08-10,202.86184590624714,204.57918900485183,201.4909976447135,203.6672111624365,85494
DEMO_A,2023-08-11,203.0887576619002,209.3888542493907,201.93583827670312,207.20635062695527,132500
DEMO_A,2023-08-14,207.53959748537736,207.75453572985876,206.0264847401029,207.48441008328683,73059
DEMO_A,2023-08-15,206.936652959792,208.96000737042849,205.43046744608696,208.17635299246626,74372
DEMO_A,2023-08-16,207.45175909501225,208.76072599526645,204.4414158992804,204.5871221460117,100980
DEMO_A,2023-08-17,204.20894268849062,207.29681568887273,201.83044588399744,205.42078247066837,107744
DEMO_A,2023-08-18,204.87099371478712,206.2383507652079,204.43715278045624,204.63771438136393,111697
DEMO_A,2023-08-21,203.73323391312806,205.97288280289538,203.0298256920782,203.71387641803884,120187
DEMO_A,2023-08-22,205.7014589348174,208.3307216002692,203.55450654050787,207.58289619858047,78436
DEMO_A,2023-08-23,206.42803848014057,213.33914572880332,205.56173262122695,211.67085431415146,98201
DEMO_A,2023-08-24,210.2737353511558,211.36826028065818,207.2617912376699,207.33218649570787,107896
DEMO_A,2023-08-25,207.34102783756174,209.1231139213672,205.5963614621056,207.58627750651675,122407
DEMO_A,2023-08-28,206.52489994749783,207.70362581960117,202.59995159043564,204.73292535987255,85717
DEMO_A,2023-08-29,204.46712697053815,210.02581942330315,202.0179104793039,209.6621037552791,140444
DEMO_A,2023-08-30,209.25097551266097,209.88050690177502,206.24851249651124,207.27139693479086,88492
DEMO_A,2023-08-31,207.85840102507893,210.9383869327146,207.3293238645023,208.6820475040355,131761
DEMO_A,2023-09-01,208.1536292160116,209.40147023421767,206.32509765505134,207.66018502544378,82886
DEMO_A,2023-09-04,206.57622429929205,208.54828095927525,204.21764362190893,205.7149897239047,95492
DEMO_A,2023-09-05,205.51799362826287,205.86926514373582,202.47604493157195,202.9351941813456,96787
DEMO_A,2023-09-06,201.74370138061224,204.85527399249654,200.94799184323932,204.00091687633946,101857
DEMO_A,2023-09-07,204.04720231779152,206.4271959529699,202.16423870875605,205.69261182716272,128417
DEMO_A,2023-09-08,207.12837017336017,208.3821279068108,203.7911387571806,205.99055727556888,132369
DEMO_A,2023-09-11,206.32166599734833,207.8357108630244,204.83887695853454,205.44379859110367,126998
DEMO_A,2023-09-12,206.36851058111412,207.38228067707715,202.4563054514252,204.7482671676923,83210
DEMO_A,2023-09-13,205.59153696217462,206.96977225870205,204.7209041718174,206.73224012170834,127702
DEMO_A,2023-09-14,207.94230005222488,208.82488735205243,204.74922725929693,206.5541283614915,120712
DEMO_A,2023-09-15,207.87536123629582,208.6136075507159,205.40969953145955,207.68410362802055,69065
DEMO_A,2023-09-18,206.29361857174374,210.14227973795028,204.74751405591041,207.86357018584644,94021
DEMO_A,2023-09-19,208.74262324743134,213.44506285799164,206.34196392811162,212.03925989970318,96044
DEMO_A,2023-09-20,212.00982178708693,214.53964922406348,210.5306305181557,211.863015071726,108121
DEMO_A,2023-09-21,212.56309270241175,214.0850751453824,211.20315891302306,213.66436002837173,82777
DEMO_A,2023-09-22,214.2207802881185,221.56563794469363,213.81696453302754,219.0852626605097,128190
DEMO_A,2023-09-25,218.20692215964047,220.16367523530892,215.95713785678956,217.98081549660353,125989
DEMO_A,2023-09-26,218.57781342249385,222.10661330184664,216.42428136166018,220.05270236621638,130097
DEMO_A,2023-09-27,219.6247208024036,221.75513685468604,217.29262888284876,219.42678633429264,107811
DEMO_A,2023-09-28,218.92824460032267,221.59762812366023,218.5943867467096,219.20106041154568,112239
DEMO_A,2023-09-29,220.69445431031613,227.32708449909967,220.35394352620074,225.1058238047508,111120
DEMO_A,2023-10-02,225.55082827541008,226.69132818616762,224.2439897341941,226.35786094941625,104840
DEMO_A,2023-10-03,226.8126376394316,232.24624006177996,224.29788085457508,230.14904995651045,123381
DEMO_A,2023-10-04,229.9408966611722,236.35090326122918,228.99867174273444,233.6610348431917,119340
DEMO_A,2023-10-05,232.6763698671253,237.60702297900343,230.6611770839544,236.68555010720772,140183
DEMO_A,2023-10-06,235.89029175223547,238.30298037925257,232.90873537423863,235.67670239317218,78400
DEMO_A,2023-10-09,235.46002002422352,238.26415254132098,232.49232123672277,234.3049321273566,105558
DEMO_A,2023-10-10,232.13319421067973,234.09692901479784,230.64845930867273,233.9752823111044,113779
DEMO_A,2023-10-11,233.9704065292254,235.49872253137082,228.9904809424593,229.84360305023156,129571
DEMO_A,2023-10-12,230.4491087231777,231.78992831201293,228.78528510279173,230.3670459386935,96745
DEMO_A,2023-10-13,230.2923166577202,231.71283381397467,227.70204471789594,231.57831361046524,86675
DEMO_A,2023-10-16,232.00552916907083,234.53460148436915,231.04159619210182,233.6871707021452,80718
DEMO_A,2023-10-17,232.91040272385644,234.0267753664407,228.10742647790545,230.78049441461792,101116
DEMO_A,2023-10-18,231.09679013743096,233.07505872604105,224.02299523071542,225.2656384316231,151010
DEMO_A,2023-10-19,225.89729953204883,227.09155271607932,221.70593271281226,223.8037756491358,115740
DEMO_A,2023-10-20,223.22445433829793,224.77759771084857,220.894485420025,222.94364289460702,127952
DEMO_A,2023-10-23,222.1081375624299,223.86106690874644,220.3378049120795,221.05954090176527,73258
DEMO_A,2023-10-24,218.56692155672948,220.03003908519162,215.72772003017127,216.13413165319272,129332
DEMO_A,2023-10-25,215.87867976984433,220.02949881614867,215.37251549689765,219.32017236057817,108359
DEMO_A,2023-10-26,220.15064176462494,220.69114825437643,214.58338533472636,215.64391997198703,131759
DEMO_A,2023-10-27,215.20731403588044,216.6255816985949,212.39570567084436,212.52826245078762,131240
DEMO_A,2023-10-30,211.39776205102413,213.7437206621542,208.25314495382267,209.96004286505467,129535
DEMO_A,2023-10-31,209.94793292281227,210.49736864126317,207.84432221120377,209.61294281740197,124870
DEMO_A,2023-11-01,209.770896315355,212.9588113087536,208.87158761207294,211.9734348416165,114543
DEMO_A,2023-11-02,211.8935812521096,212.051661945006,207.94033501624142,209.18768181290133,102226
DEMO_A,2023-11-03,208.9606102567128,210.36039518711218,204.9019994484273,205.65669389926364,96337
DEMO_A,2023-11-06,205.2290651713949,206.0856220506031,199.2081638664058,200.93907622910936,137256
DEMO_A,2023-11-07,200.92193009273396,202.96374212316402,197.50679169097043,198.54579599452904,125174
DEMO_A,2023-11-08,198.72579223642805,204.33420867004048,196.7995116282478,203.18684500374076,109780
DEMO_A,2023-11-09,203.16733587645524,204.67144892007727,202.94008308530906,202.948389339245,88569
DEMO_A,2023-11-10,202.63924379675646,203.53694471247292,197.60974576400827,199.01242376926703,88469
DEMO_A,2023-11-13,198.40197219230726,199.64446728814193,197.6229261173323,197.9539924364953,78618
DEMO_A,2023-11-14,198.08152297778082,201.08550621225183,196.4136315715341,198.96093162184545,97760
DEMO_A,2023-11-15,199.11345169654393,201.22855153401503,197.31463332720847,200.35875144118125,88178
DEMO_A,2023-11-16,200.85631924924198,202.21668700055096,200.1831656543453,201.47367239259825,125278
DEMO_A,2023-11-17,200.42584823834983,201.58065275758344,196.23754747068787,197.64582209336538,128010
DEMO_A,2023-11-20,197.20678564138038,199.3558030767267,193.17504660860425,194.09927394927135,133110
DEMO_A,2023-11-21,194.25677794004005,198.62157725890322,193.36645080196084,196.99555131401388,118173
DEMO_A,2023-11-22,197.30223612819913,199.04282708289784,194.20536620497205,196.4271061792361,104661
DEMO_A,2023-11-23,196.77478763324658,197.67789908078552,195.35989489423275,195.95165862685843,95882
DEMO_A,2023-11-24,195.9257703715989,197.31070998296403,193.7297933824025,195.92566424767364,82556
DEMO_A,2023-11-27,196.26030210331825,197.40455583787437,194.54300122248432,196.1115085082566,91228
DEMO_A,2023-11-28,195.63633941005068,200.77416035453842,193.6897001537506,198.40360895370128,130733
DEMO_A,2023-11-29,197.25423594852674,197.51953220543766,194.58764782093562,195.12315900683723,134600
DEMO_A,2023-11-30,194.74205713245635,195.66332807242844,189.55281085992016,191.7265108536233,87353
DEMO_A,2023-12-01,192.28837497056517,192.4424804116313,187.785561466874,189.5099373308321,118129
DEMO_A,2023-12-04,190.96686661808255,191.1626735987988,190.152066500034,190.86392967238746,64929
DEMO_A,2023-12-05,191.05894846035568,192.0412210412987,188.17835863168335,189.22017389682588,79135
DEMO_A,2023-12-06,189.15841631500274,193.1821992138433,188.64711018940224,191.29808766710326,109856
DEMO_A,2023-12-07,190.50521545505057,194.68930665575093,189.96839869701023,194.3755979122398,125190
DEMO_A,2023-12-08,194.2255766333451,195.093154141003,191.95470864034638,194.810010223461,129432
DEMO_A,2023-12-11,195.0960930350572,197.03646830681737,194.8891324724755,195.26803884880954,72334
DEMO_A,2023-12-12,194.48790935128696,197.26279007220975,192.79710772957145,195.38243174840386,82802
DEMO_A,2023-12-13,194.77748442204435,198.51465759135013,194.0327629566943,198.41809219352362,100323
DEMO_A,2023-12-14,199.0878131636826,201.38247753776326,199.01362416407028,200.0363086163263,128878
DEMO_A,2023-12-15,199.3320509440227,203.71228327579624,197.46225708318894,202.59761916959297,93647
DEMO_A,2023-12-18,203.52770553022782,204.29334232576858,201.55486622045655,203.88316142771924,75744
DEMO_A,2023-12-19,203.59419685425743,207.78401027791386,203.4435234294572,207.02461560440415,102854
DEMO_A,2023-12-20,207.15038885641124,211.15448211252223,205.8486673511328,209.63960244037787,127573
DEMO_A,2023-12-21,209.12910805421737,209.71902740259512,204.50094186960095,206.63124192464198,139175
DEMO_A,2023-12-22,207.12435879743308,209.5583026672828,204.87836315654923,207.78705380306442,81007
DEMO_A,2023-12-25,207.8049350069686,209.40610730703438,205.96629100367787,207.31721422810534,125807
DEMO_A,2023-12-26,206.5224705363891,207.7044264322247,206.36043583735432,206.63996516746457,98418
DEMO_A,2023-12-27,205.26000347731414,206.37468018918184,202.33504615891465,203.41064266557908,96794
DEMO_A,2023-12-28,203.75724493723558,205.3602836957467,199.20882107779713,201.36860156202133,134149
DEMO_A,2023-12-29,200.74500866480494,203.08286805078734,199.8398625401485,200.76681516242942,92252
DEMO_A,2024-01-01,201.9290104959806,202.6699774673166,201.69686216993122,202.11276242946838,71840
DEMO_A,2024-01-02,202.02446195062495,204.46108523254313,201.98665043637604,203.07621708182205,115071
DEMO_A,2024-01-03,202.10420566097366,206.42096632450733,200.0287777519319,204.98965834698103,88075
DEMO_A,2024-01-04,203.5715231157216,207.03325131298442,203.3994224802973,206.78095153062966,139708
DEMO_A,2024-01-05,205.73641744298658,206.11790250665632,203.0641774641756,205.2504709748115,84407
DEMO_A,2024-01-08,204.98133423287283,211.27113462268434,204.70718246761746,208.8252833648233,94863
DEMO_A,2024-01-09,208.20546739924484,212.8691447843635,208.16188694811714,212.6454196917835,112369
DEMO_A,2024-01-10,212.1402443434141,215.09455838356567,212.00779544412026,214.4262020411662,110257
DEMO_A,2024-01-11,214.99336886658887,217.63502291818347,212.9580414030102,215.97191871845968,84045
DEMO_A,2024-01-12,215.32851337674072,221.63525093248762,212.78862526849485,219.28524492957175,116582
DEMO_A,2024-01-15,219.29793299531434,223.56598457550695,219.21127162354878,221.56423923488057,96981
DEMO_A,2024-01-16,221.96011708137598,223.88810224467477,220.95690761423955,222.92356474504626,127368
DEMO_A,2024-01-17,221.40076745636128,224.47001384594756,220.24591476244728,222.39724250093755,84810
DEMO_A,2024-01-18,223.06332526984258,223.45598092562705,220.83982485716865,222.1556983406748,88549
DEMO_A,2024-01-19,222.20460245862606,222.71257770352193,219.1148024941163,221.61185107985554,70284
DEMO_A,2024-01-22,220.74604825742824,222.99886895385117,219.25200863061266,220.43123074885128,97612
DEMO_A,2024-01-23,220.53296849505517,223.79386482176338,218.116506144063,222.16744945274291,87898
DEMO_A,2024-01-24,221.45365527589018,224.03062246742329,218.9624224402188,220.58101270230347,93696
DEMO_A,2024-01-25,222.0167862100329,225.71603137148804,220.947112125361,225.0775630541704,98428
DEMO_A,2024-01-26,224.5862189129418,226.3304266203446,222.57187034455947,223.28003586047686,118982
DEMO_A,2024-01-29,222.71807820577604,226.77733499966612,222.39766112899906,225.1408706309362,95591
DEMO_A,2024-01-30,225.67131030151785,226.11502610071878,223.25956040509325,223.7729608490932,99171
DEMO_A,2024-01-31,223.30204707049657,225.50651007287146,223.00309588946752,223.96541615624287,84420
DEMO_A,2024-02-01,224.86052907606629,225.48576591854388,221.41980145594263,221.52376122875916,94778
DEMO_A,2024-02-02,220.4603552768857,224.76721501055292,218.38244094234435,223.05294539008437,104203
DEMO_A,2024-02-05,224.78438488139466,225.43393497894272,221.93530208262354,224.531912598826,115044
DEMO_A,2024-02-06,224.58749991714507,230.22742417408958,223.40149951755572,229.2997371825572,116048
DEMO_A,2024-02-07,228.87239435422964,232.15615664940324,228.41699419939528,231.83387338496792,84664
DEMO_A,2024-02-08,232.9235304697179,233.5588865125842,226.43716639851786,228.9358270441918,88717
DEMO_A,2024-02-09,230.2881103243925,231.39419663485972,226.6486678681337,229.1406786836819,79249
DEMO_A,2024-02-12,230.74514130034288,232.12909309333918,222.4127004907572,224.3256589441794,132237
DEMO_A,2024-02-13,223.42844296302954,223.8852347104282,219.66283965182978,222.0604239559049,90355
DEMO_A,2024-02-14,220.94976195849546,223.29468537431964,216.30358964893577,217.8387034172509,103936
DEMO_A,2024-02-15,217.84846286931062,221.99451922776845,216.76629550207818,220.7914075597535,111940
DEMO_A,2024-02-16,219.2251969755111,219.43425045657864,214.40290842213992,216.21928876612495,110583
DEMO_A,2024-02-19,216.2725394572034,217.69426795663568,212.92944111487787,213.59201126824948,141032
DEMO_A,2024-02-20,213.8410542755812,215.94828222548946,209.7540009379035,210.92149612752854,131216
DEMO_A,2024-02-21,210.59029756919915,213.2991391120367,208.20276869273943,213.155027155393,87918
DEMO_A,2024-02-22,212.35250409575272,213.55328950894952,208.77085909924978,209.33761907941337,104137
DEMO_A,2024-02-23,208.44905822689952,209.1128663322709,206.06582350935045,208.65133368083866,116872
DEMO_A,2024-02-26,210.0815191728927,210.99873715912264,204.2412669659316,204.9400063586562,156900
DEMO_A,2024-02-27,204.58251795569683,206.6646632562174,203.94757255950873,204.09575385888638,85245
DEMO_A,2024-02-28,204.46603275373326,205.56387937645906,199.5763110077735,201.8256391620106,82710
DEMO_A,2024-02-29,201.61771538044053,201.89614518815048,196.23857071051032,197.16692081704946,151821
DEMO_A,2024-03-01,197.67490004297622,199.5535200504327,193.3819879264698,194.140226561557,143167
DEMO_A,2024-03-04,193.61543577148805,194.49144813873582,191.06878675651805,191.14842254355102,106778
DEMO_A,2024-03-05,190.28046154707158,191.70469558821162,185.17279089334744,186.54789513595418,94807
DEMO_A,2024-03-06,187.65572405115324,187.8526447152141,187.50512296763242,187.65017632211487,77898
DEMO_A,2024-03-07,187.56138755193723,188.70516022049677,185.55293680046188,186.91738790223206,85234
DEMO_A,2024-03-08,187.5088181904356,189.53459029274268,181.8445746622201,182.83222151611145,106124
DEMO_A,2024-03-11,182.48469703519154,184.93609841034467,180.8317711880399,183.96985634930888,110773
DEMO_A,2024-03-12,184.9563654280456,185.41464887559806,181.98628021760106,183.8178008113634,113831
DEMO_A,2024-03-13,184.71654621235422,186.2960403536091,180.52544542171665,180.9788425770645,116329
DEMO_A,2024-03-14,179.19555284110808,180.12252398953223,175.21004006570752,176.1766513684054,96480
DEMO_A,2024-03-15,176.12705934717278,178.10751308672977,174.10687213061868,174.14761260363466,106532
DEMO_A,2024-03-18,174.70857269040778,175.9600958291228,171.92826305266752,173.88694280573654,76882
DEMO_A,2024-03-19,174.7265089373098,174.73495724005187,173.58786112194556,173.8040518057412,120906
DEMO_A,2024-03-20,174.55807093661176,175.89317174502585,168.92211337307083,170.1788700526529,95832
DEMO_A,2024-03-21,169.07029749545896,172.75085347787774,167.17039811216338,170.85532983565477,108768
DEMO_A,2024-03-22,169.80193988317848,170.44661555564372,165.01183516795334,166.61306678459448,149243
DEMO_A,2024-03-25,166.80200238808783,167.96306044533486,162.16695193974553,162.75345996125853,113640
DEMO_A,2024-03-26,163.1869293464054,164.073559886267,161.53021037202777,162.48518405264795,104237
DEMO_A,2024-03-27,162.68465272305224,163.18407916479296,161.2226853279328,161.31670680754462,132609
DEMO_A,2024-03-28,160.47904627439246,160.48559752783842,158.42986585599996,160.0163348312409,93909
DEMO_A,2024-03-29,159.54148656788914,162.21627139113872,159.09541472840493,160.3740895562318,83563
DEMO_A,2024-04-01,159.92728978019676,160.90321824567536,155.72051765220823,156.51686089530477,150101
DEMO_A,2024-04-02,155.49279213360902,156.79750906745798,155.1723165275168,156.1644601069509,122344
DEMO_A,2024-04-03,156.20851364542622,160.9700095215475,154.5899685866317,159.06908108096957,138582
DEMO_A,2024-04-04,159.12732227839138,162.46692288326372,157.86635285814384,161.72180461563377,108147
DEMO_A,2024-04-05,162.37523415357958,163.82940989972764,160.0788517100808,160.39094433940645,101912
DEMO_A,2024-04-08,161.03531320893345,161.42060903490622,159.8468496788392,161.18104786654084,119627
DEMO_A,2024-04-09,161.4544975168288,167.19612324046898,161.36569501398964,165.4037158809812,102182
DEMO_A,2024-04-10,165.15937095728628,165.88769327177718,162.4864569231019,163.56224919474678,102293
DEMO_A,2024-04-11,163.981535422477,165.596932530539,162.5737720647926,163.0453512556045,72739
DEMO_A,2024-04-12,162.7728772511799,164.98160631659667,161.8510361680046,164.6790965141541,141376
DEMO_A,2024-04-15,164.2907556105338,166.45993825733802,164.12107128559444,164.74719275981312,95130
DEMO_A,2024-04-16,165.89238332814563,168.49599414990905,164.5555465896274,166.5234037211378,84459
DEMO_A,2024-04-17,166.5884714709634,168.37111448547134,165.93932254498228,168.06342389870065,83480
DEMO_A,2024-04-18,167.81748684102618,168.9874629815315,167.12706656678122,168.11914842068094,111267
DEMO_A,2024-04-19,166.68567936542678,170.09323828094958,166.0484609271509,168.09066405987133,122428
DEMO_A,2024-04-22,168.81137089739184,171.70433120547398,166.94343219989648,169.83857032103757,108787
DEMO_A,2024-04-23,169.32500677482386,171.86106169562774,167.48895019478266,170.35294993551364,133174
DEMO_A,2024-04-24,172.66014300676278,173.98190860306954,172.459539009823,173.57713277442633,132920
DEMO_A,2024-04-25,173.42954688763044,175.2272565913075,173.35550912359776,173.7762066982334,83358
DEMO_A,2024-04-26,173.827562695837,175.0503258648204,172.6751690450669,174.38229030384582,131480
DEMO_A,2024-04-29,173.5556379183329,176.13742638849217,173.49450296685936,175.97184159039165,142311
DEMO_A,2024-04-30,176.97445020213516,182.4082699692811,175.8416904018146,180.52521156389614,123820
DEMO_A,2024-05-01,179.24691073492085,184.67457342680663,177.280801397983,182.64142967784403,92031
DEMO_A,2024-05-02,181.2995817644741,183.1138522821284,179.46254355277384,182.97683889734535,138279
DEMO_A,2024-05-03,183.33388084426696,189.66250324180933,183.31637681714983,187.77265884140854,143167
DEMO_A,2024-05-06,189.1591124813535,191.67895134134622,189.03923578305717,189.97094386691526,123151
DEMO_A,2024-05-07,190.662767310781,191.89263859344945,185.1524984117216,186.4510954958325,116200
DEMO_A,2024-05-08,187.36019692275408,189.34413661808836,185.10484355864685,187.20279666290526,106979
DEMO_A,2024-05-09,188.38532115869478,190.46682016588935,187.88182240682121,190.2648007500002,109678
DEMO_A,2024-05-10,191.164645556899,191.64673355937873,189.12966903342854,190.7193304233996,68650
DEMO_A,2024-05-13,192.9913492907425,198.56800338465953,191.57964981464656,197.9964028989073,143684
DEMO_A,2024-05-14,197.30199811046612,203.51173067417486,195.45990421298643,202.38908446191192,136307
DEMO_A,2024-05-15,202.39600167529255,204.8358413586119,201.15988921048807,204.23980294655863,115532
DEMO_A,2024-05-16,204.2106933414777,207.66663702506605,203.83442292415,206.43567936985255,107509
DEMO_A,2024-05-17,206.3397780937418,209.8442217115156,205.08741597921446,207.52563387747472,107271
DEMO_A,2024-05-20,207.14225476466524,208.55850150727497,205.3606531685568,206.5940016294927,100455
DEMO_A,2024-05-21,205.82128400652758,205.96817998045955,198.39805532016007,200.2052562546833,109491
DEMO_A,2024-05-22,200.71096153472928,201.63308519889017,198.56479578482,200.0840891237098,96874
DEMO_A,2024-05-23,199.94311319635332,200.7227682394997,198.17399979518623,199.27756987529852,85054
DEMO_A,2024-05-24,199.70521616565796,202.31039832122232,198.31584798034794,200.65801850632545,120867
DEMO_A,2024-05-27,200.287572815123,200.99826797385222,197.86844442990136,199.381291874748,112137
DEMO_A,2024-05-28,199.95297601226582,201.20096873657715,198.4104013701953,200.60376194185824,112461
DEMO_A,2024-05-29,200.81223535858922,202.42131669959883,198.54343966458478,202.01888117140948,115260
DEMO_A,2024-05-30,202.18371131532794,204.32099922261213,200.5414994099316,202.38737547140153,80884
DEMO_A,2024-05-31,203.11586128782014,205.30213382666142,197.85655393469676,199.49473710216714,95967
DEMO_A,2024-06-03,198.94988306425228,199.84171095229016,196.7723206680388,197.02523145611698,101491
DEMO_A,2024-06-04,195.24639671043627,197.079096790571,194.33428264300335,195.9516104140197,102204
DEMO_A,2024-06-05,196.5283709195503,197.1415383691281,190.03704568483545,192.30383250490354,100251
DEMO_A,2024-06-06,192.23395231149593,195.1980684783935,192.0051837838276,193.30995686031187,130697
DEMO_A,2024-06-07,193.6013769835201,194.75813600624716,190.76802159805786,191.64304256394848,119542
DEMO_A,2024-06-10,190.787486227823,192.18018993430624,185.51935549650403,186.86959340092585,88933
DEMO_A,2024-06-11,185.8215627192448,188.17302942791733,184.88202788792077,186.0703599418625,115914
DEMO_A,2024-06-12,187.29671021888993,189.1278344796684,184.3261974101509,186.41851266536864,109780
DEMO_A,2024-06-13,185.97278406609814,188.05692095267844,184.5505553588643,184.6518390122762,103995
DEMO_A,2024-06-14,184.7820639585422,185.17213651508172,183.51355398346013,185.1372962975648,70347
DEMO_A,2024-06-17,184.14000927148925,184.16917993426785,183.1180538892377,183.42476120918846,70160
DEMO_A,2024-06-18,183.92991833661662,185.91501149098133,178.75532120343385,180.18934682407502,113439
DEMO_A,2024-06-19,180.35739284658112,182.72480888440566,179.08083998985458,181.00638042705748,111043
DEMO_A,2024-06-20,180.00159831540745,180.19332598429932,178.0714668662486,179.88410145813432,113868
DEMO_A,2024-06-21,181.28699875615183,181.52061373451122,180.35069691810162,180.39855799164593,78634
DEMO_A,2024-06-24,180.69226904187624,181.07478679456204,179.32343623281116,179.78703268192376,74476
DEMO_A,2024-06-25,179.82700255781134,180.91676961271514,179.12285798865761,180.69468413700733,102423
DEMO_A,2024-06-26,180.79806604808692,181.9681671245323,179.37168756451285,181.03905957891664,110066
DEMO_A,2024-06-27,181.31246052849224,182.9260424628339,176.2232758263994,176.7173476746412,102487
DEMO_A,2024-06-28,176.39544909574627,177.7496075057046,174.36291994263567,177.09016823396007,127152
DEMO_A,2024-07-01,177.43493726145556,179.3510240736816,175.83138436870274,176.1881669200833,73781
DEMO_A,2024-07-02,176.2770150657363,177.02630675729037,173.77269740426985,174.84084716595427,104481
DEMO_A,2024-07-03,174.92553071794143,175.680617591731,174.92369502664712,175.29430053849063,122917
DEMO_A,2024-07-04,174.63393748653303,176.52004638879552,172.73340124038927,173.31945232212786,110392
DEMO_A,2024-07-05,174.48163544144037,176.7776230785262,174.23735856827201,175.6423510152225,127861
DEMO_A,2024-07-08,175.85261081511766,177.17091515168124,173.93390205149873,175.58389533230385,119598
DEMO_A,2024-07-09,173.8718916002725,174.25116070878664,169.30006453475627,169.59232113969364,118513
DEMO_A,2024-07-10,169.97606284987828,171.83969732698316,168.60891680861386,171.02426820489544,98926
DEMO_A,2024-07-11,170.27596621358725,172.40953640930812,169.1265089102904,170.74196282072538,102844
DEMO_A,2024-07-12,171.3954729142265,172.59107650759202,170.00137239420988,171.32864164415057,110048
DEMO_A,2024-07-15,170.9526178885029,172.27425944731985,170.82737298255515,171.79775300850764,105694
DEMO_A,2024-07-16,172.3341954756516,173.34397015915994,171.27484339798988,172.4652451834756,81360
DEMO_A,2024-07-17,171.0977258126027,172.47207831338437,167.02053906681522,168.59777390235408,105394
DEMO_A,2024-07-18,168.2038707257148,169.17809695469742,167.3747847928879,168.72032852036438,89834
DEMO_A,2024-07-19,168.57699804452517,169.1798846820903,167.36872467186663,167.7356974863023,97349
DEMO_A,2024-07-22,167.34973005953893,171.67978679380164,165.35705349073822,170.4496093486291,91626
DEMO_A,2024-07-23,171.70326307747888,172.8223500161292,169.49238352255722,169.89904741691743,90085
DEMO_A,2024-07-24,169.26632918007533,171.2011734743361,167.20679757460178,169.14551103423494,95036
DEMO_A,2024-07-25,169.78020646638882,172.233166781447,169.57355821399992,171.87413929311833,132781
DEMO_A,2024-07-26,170.94922536038206,171.44047773807944,168.32320602048472,169.91550637071254,111221
DEMO_A,2024-07-29,169.4894634355677,172.99049637395333,168.79890254445647,171.65585402382305,95092
DEMO_A,2024-07-30,171.08919133306642,172.97499255082337,165.04416872396823,166.99329237258198,150036
DEMO_A,2024-07-31,167.2974123880514,169.06846884314444,164.90789130695282,166.67977289003966,124549
DEMO_A,2024-08-01,167.29522381568063,168.9393732097859,166.42972090534604,167.90255391097676,98027
DEMO_A,2024-08-02,167.845275806557,169.32209471557636,164.32206807065594,165.29154611681273,83679
DEMO_A,2024-08-05,164.82770401344746,169.72371909761935,164.5957078419962,169.12477596836774,104162
DEMO_A,2024-08-06,169.2505893055644,171.97599375815764,168.65685072831923,170.32829130121553,105713
DEMO_A,2024-08-07,171.4585477009992,173.7769234780409,170.11271284110688,171.76478950466966,77798
DEMO_A,2024-08-08,171.17167257832716,171.97182562412033,170.12008449691945,171.7134747115752,103426
DEMO_A,2024-08-09,171.6875440534473,174.3616068213008,171.00653319409102,172.5475934657503,132288
DEMO_A,2024-08-12,172.51982654713657,173.4838136454451,170.31184203984034,172.1172039039202,102061
DEMO_A,2024-08-13,172.0001793132711,174.36235109941936,170.14816459275463,173.31677383815898,130603
DEMO_A,2024-08-14,173.91809256537917,177.12107826185124,173.12230191667504,176.92352278520565,111040
DEMO_A,2024-08-15,176.3193959202907,177.97369889872675,174.2516713118862,176.15445594467158,126961
DEMO_A,2024-08-16,174.98543075392396,175.21392536238233,172.3885781617601,172.83308732107398,101126
DEMO_A,2024-08-19,173.19746587452642,173.32791817334694,169.17971242693562,171.01787688736098,140736
DEMO_A,2024-08-20,172.57703474441922,174.5014845238282,171.96592445176597,172.77093791270562,122169
DEMO_A,2024-08-21,172.00110061564075,172.50197287730606,171.50056986280794,171.59769052327744,92126
DEMO_A,2024-08-22,172.15936257029048,173.28307607578643,168.68292748119657,170.25569228284004,102549
DEMO_A,2024-08-23,168.8315893388908,171.0660355499355,168.59064132903066,169.25571876430308,119039
DEMO_A,2024-08-26,169.39373186066985,173.22191295777225,168.39259416611242,171.91189858102518,131823
DEMO_A,2024-08-27,171.98462954315957,173.4192788973674,171.13604791776984,171.3175554298784,77538
DEMO_A,2024-08-28,172.32733290361207,174.1517569631445,169.86271703128355,169.9837411755431,116186
DEMO_A,2024-08-29,171.1076479796362,176.05959169893893,170.52141214189788,174.09501480650866,96231
DEMO_A,2024-08-30,175.5392135998472,177.61869705265343,173.92411084866535,174.18378733341982,95581
DEMO_A,2024-09-02,173.50061389969437,177.5214303158084,172.5216221254054,176.09120834302666,107687
DEMO_A,2024-09-03,175.88225834413186,176.1226371577652,173.98147808886898,174.3606708985414,90917
DEMO_A,2024-09-04,173.8040007719679,175.29188451429405,172.5098897621829,173.27191153416456,77745
DEMO_A,2024-09-05,172.24257896169922,178.18516939808399,170.6138711448496,176.64242315493783,122315
DEMO_A,2024-09-06,177.59664440213896,180.3420445693192,177.12153907043293,179.7964299720471,104233
DEMO_A,2024-09-09,179.307429140251,184.26250598924275,177.38305401674862,182.75237635086532,112685
DEMO_A,2024-09-10,181.7434071834632,187.00767353101745,180.10737071885876,185.13529740316804,144490
DEMO_A,2024-09-11,185.2804266828043,190.12621751426136,183.9718444804581,189.0340922340201,145425
DEMO_A,2024-09-12,187.75714649244273,191.18188167912174,186.3402616635663,189.00608979759664,91959
DEMO_A,2024-09-13,189.834826995286,192.404816960633,188.1333007932911,191.20425261970354,103282
DEMO_A,2024-09-16,191.33128488297683,191.37753233909655,187.1055709348107,188.21185963915784,139767
DEMO_A,2024-09-17,189.95006626990093,195.54495108260016,188.05461029159616,193.3142917591219,135490
DEMO_A,2024-09-18,192.91324419384742,197.62702203904837,192.55515486316727,196.45463297681397,100092
DEMO_A,2024-09-19,196.89737523409633,198.30528658184141,194.56383381846203,198.04875524415135,91156
DEMO_A,2024-09-20,199.39266707931034,201.69507557218688,197.46317737931568,201.3613089612142,132430
DEMO_A,2024-09-23,200.97991014552835,206.26515312142578,199.2665949395348,204.00099089161935,142650
DEMO_A,2024-09-24,202.2558080712002,203.8646208349524,198.3011977929497,200.5701723210141,121112
DEMO_A,2024-09-25,200.18262164401952,201.7025344195314,199.5673273409795,200.15152829055842,81946
DEMO_A,2024-09-26,201.3875939306689,203.20954733668208,197.80779716607188,198.44556394566877,111535
DEMO_A,2024-09-27,198.47030149581218,203.8693901845038,197.05137591017606,201.86907124405036,143245
DEMO_A,2024-09-30,202.57160969570782,203.16982602137165,199.1755629753939,200.15739524204977,115320
DEMO_A,2024-10-01,200.57447454580856,201.3123147814233,197.25474671899164,197.7228568129781,81737
DEMO_A,2024-10-02,197.45946604925214,199.68473183455356,196.70830370845,199.12770554056985,93269
DEMO_A,2024-10-03,199.37691095946684,202.2091404042166,197.493853188162,201.08051896599886,97232
DEMO_A,2024-10-04,199.55885443470484,204.26469698119945,197.7788409462435,202.11885499155164,102463
DEMO_A,2024-10-07,201.70378556459312,202.40726959962745,198.53678428456374,200.3498572789889,134191
DEMO_A,2024-10-08,200.20115560395888,205.62600184580486,200.03186289139657,205.17350940488103,130687
DEMO_A,2024-10-09,205.11570554810478,205.6059331243528,202.10953041304785,204.15517528184927,96097
DEMO_A,2024-10-10,203.68551417670852,207.9251020839934,202.79877926638588,207.66089832114383,102870
DEMO_A,2024-10-11,207.8164873312528,211.65522758611667,206.762719493648,209.34944128268418,93551
DEMO_A,2024-10-14,209.74067266962237,209.84112186989617,204.49676029287906,205.87808584004406,130978
DEMO_A,2024-10-15,206.0829705293675,207.19438086572708,198.88739108754956,200.80328611498322,136265
DEMO_A,2024-10-16,201.57317030498376,202.40127960409743,200.1022790517153,202.30041501124973,86676
DEMO_A,2024-10-17,201.02572244003474,201.3153656624296,195.78198266625523,197.92843562248288,145806
DEMO_A,2024-10-18,197.29977700097513,199.4391049544544,194.83165326013622,196.80007147787595,109969
DEMO_A,2024-10-21,197.83727091880675,200.3830774868758,197.78752964493657,198.8253088982641,103852
DEMO_A,2024-10-22,198.1710565220515,199.47707001068227,196.91476249900194,197.47614118361255,109809
DEMO_A,2024-10-23,198.41215604246136,201.53286943888094,198.13267530393205,200.9645679753512,136654
DEMO_A,2024-10-24,202.05457132319808,202.81248561025447,200.587435053852,202.79928583136734,129018
DEMO_A,2024-10-25,203.950315792489,208.56001723311925,203.0762781086264,206.43534962177975,115696
DEMO_A,2024-10-28,206.4399881731883,209.01447662813896,205.18428778836292,207.20733670484927,128374
DEMO_A,2024-10-29,207.0268925827287,208.56314797977242,205.88148314317309,206.255506889905,114074
DEMO_A,2024-10-30,204.66117217852891,205.62506735080228,203.1144794479449,203.9601587804674,117917
DEMO_A,2024-10-31,202.86232088839623,205.9959113745841,200.8157130861281,204.60753503800186,116643
DEMO_A,2024-11-01,205.68482590110835,209.21810626953882,203.47181282115852,209.08848316388307,106490
DEMO_A,2024-11-04,208.46717600278907,214.6059705836936,206.2991457926663,212.7671856249568,130917
DEMO_A,2024-11-05,212.10965575871344,213.89920656621294,211.69142489083765,211.73175771703228,79690
DEMO_A,2024-11-06,210.70460281838405,216.40830048174865,210.01906709867492,214.86135136306058,90033
DEMO_A,2024-11-07,215.38727730423057,219.81022207022687,213.4205520590143,218.15928368756286,112530
DEMO_A,2024-11-08,219.22585748655928,220.72377029734312,218.1594952461146,218.54735675999697,75121
DEMO_A,2024-11-11,218.6844208129228,219.04648521754052,215.71467257263248,217.93115036619443,85751
DEMO_A,2024-11-12,218.95362901522572,219.73292891822078,218.27744948093985,219.59982528785605,76464
DEMO_A,2024-11-13,218.48751468163746,220.13359003176654,217.26058004394605,219.35805665347135,69269
DEMO_A,2024-11-14,220.01554449848612,222.1707050238485,217.50630300401664,217.571181900204,87111
DEMO_A,2024-11-15,217.3952777759993,219.97040120689576,214.27896011217655,216.47890075885684,73459
DEMO_A,2024-11-18,216.66728500214498,219.77802169520666,215.10151362080987,218.23943536120902,87080
DEMO_A,2024-11-19,218.83527492564488,220.39752315273557,216.69693553279862,219.02436156915843,68439
DEMO_A,2024-11-20,219.3210760205619,223.25017731237247,218.9053048574482,221.21154478629478,88975
DEMO_A,2024-11-21,221.04183323246608,221.89459975206,216.4502111716658,218.9333564011874,123226
DEMO_A,2024-11-22,219.59465101713926,225.0319711395924,219.24450840994442,223.1651061189687,104199
DEMO_A,2024-11-25,224.20305858646586,230.5914879760072,222.14397570609918,229.4129948783306,151655
DEMO_A,2024-11-26,230.21392939272545,230.70450801724635,229.06137383169187,230.47117276208044,105312
DEMO_A,2024-11-27,229.81711224676928,231.77349719840828,224.4694314094289,227.1027236877535,118220
DEMO_A,2024-11-28,228.92231825664626,234.23898875504227,227.99664385897725,232.47691073964006,93386
DEMO_A,2024-11-29,234.05490172777834,234.8854112399063,229.29086874810105,231.56362904210522,139272
DEMO_A,2024-12-02,230.49359827681823,231.32927624136093,228.99977265525155,231.1707148657537,93566
DEMO_A,2024-12-03,231.83059549349136,234.05112182436352,229.51276669899806,233.8646939051792,132433
DEMO_A,2024-12-04,232.88448900316422,242.7995536799939,231.72794123042337,242.4431869000959,114221
DEMO_A,2024-12-05,241.88064272036485,245.73107257540465,240.33766646506703,244.5658622995244,92939
DEMO_A,2024-12-06,244.66236649996452,247.79157679359633,244.35880382282946,245.89215051806488,131734
DEMO_A,2024-12-09,246.6922310102891,251.33790871525778,244.66165558969874,248.36139213679948,118643
DEMO_A,2024-12-10,244.703042741703,245.15220292916842,240.3038800894162,242.04718220526445,111183
DEMO_A,2024-12-11,241.21422581591412,243.94320872188786,241.1388654296168,243.72294893677972,94467
DEMO_A,2024-12-12,243.33269481205693,245.31163407826574,241.06358135740388,241.91309328383596,97639
DEMO_A,2024-12-13,243.05075999333204,244.09243337178768,240.62245638394688,243.3662517877327,102224
DEMO_A,2024-12-16,244.55338236599778,250.0431594460381,241.9726071337993,249.0354179814235,97812
DEMO_A,2024-12-17,249.31274748999257,253.66581181313072,247.84416970947504,252.66489633049673,113714
DEMO_A,2024-12-18,253.36542203351019,256.18811362369667,252.58924710793025,253.20820286553166,93106
DEMO_A,2024-12-19,254.7058145680227,257.4585772653966,252.55171793943506,257.1420910656019,89347
DEMO_A,2024-12-20,257.4204921474009,265.0128226233955,256.0790710994354,262.79666919707154,137705
DEMO_A,2024-12-23,263.11216468186274,271.72854564428656,263.09554831274676,270.4702790815992,112879
DEMO_A,2024-12-24,270.6797109861442,278.3257690671851,268.53203542366015,275.25285544870815,105314
DEMO_A,2024-12-25,277.3029335594517,280.19668924194303,269.27397237140656,270.05288208095834,142059
DEMO_A,2024-12-26,271.74007376471536,274.74977796132526,266.50237448876607,267.9552857905426,81099
DEMO_A,2024-12-27,269.4441129522996,275.26869933418703,268.75273505243496,272.0342801413799,81024
DEMO_A,2024-12-30,271.6293578084787,275.5447318362083,269.06182278273116,273.06881452487414,87496
DEMO_A,2024-12-31,272.48380175392174,276.32305062127176,271.2918541450941,273.723402181774,86459
DEMO_A,2025-01-01,276.0963187363525,277.0800254183068,273.8243953698261,274.2879472614314,103889
DEMO_A,2025-01-02,273.1081246695149,277.28830214073344,270.9583237413739,275.98664942978945,120328
DEMO_A,2025-01-03,276.2532705340796,279.8271416474017,273.57346652334616,279.32389583679713,92190
DEMO_A,2025-01-06,279.5867627428955,282.9143678628692,274.5986356111756,276.22763571384087,117813
DEMO_A,2025-01-07,274.80771021680584,277.3570029452405,274.57821254784955,277.2811674759456,88065
DEMO_A,2025-01-08,276.37400229909593,284.3674272080414,273.73633600566683,283.3775932096124,143748
DEMO_A,2025-01-09,284.1371118381563,286.5457716066902,280.3584340923879,283.16304984550425,128507
DEMO_A,2025-01-10,281.92057366702545,289.7932489582235,281.18224006185477,288.6651192965415,141297
DEMO_A,2025-01-13,289.8442731489987,295.0198209211102,289.1998597140487,293.0417371470743,101521
DEMO_A,2025-01-14,292.2049053969463,292.83735787492907,291.7886635989836,291.95092856931063,118887
DEMO_A,2025-01-15,292.99000657437205,298.9554394441477,291.0694175115177,295.43192685129617,122043
DEMO_A,2025-01-16,293.7536396139071,298.6450810549078,291.520926644631,297.79829305193687,138446
DEMO_A,2025-01-17,297.30416903311374,303.6089288711478,296.8660276875776,303.0860259017437,134221
DEMO_A,2025-01-20,302.47261714447166,306.996677431209,301.2215341154188,303.8335171493991,90560
DEMO_A,2025-01-21,304.4556642643391,307.4493580181905,299.75321805929826,300.47762716778277,108726
DEMO_A,2025-01-22,298.90160676464507,302.4334268396245,291.4406285384998,294.6619563991281,128954
DEMO_A,2025-01-23,294.2963048654678,296.75694519654456,285.1183806200466,287.40614160510114,95987
DEMO_A,2025-01-24,287.30121843628984,291.4336497257323,287.098686256657,290.9975432011442,127500
DEMO_A,2025-01-27,291.37920884950233,291.5174132533808,285.6749240775117,286.12585332197364,109951
DEMO_A,2025-01-28,287.54993130233345,290.470454010012,283.9545854266315,284.34171763597044,137348
DEMO_A,2025-01-29,285.9167037936376,292.4561600321105,284.3678370380823,289.77059731730134,126059
DEMO_A,2025-01-30,290.01374183618606,292.5203555318174,287.28584012494304,288.2837134461361,94052
DEMO_A,2025-01-31,286.2842836212047,288.33256825492407,282.7980882544413,285.5001577227536,83224
DEMO_A,2025-02-03,285.48076093452886,286.02456843007235,280.7815659542229,282.04550816156103,140277
DEMO_A,2025-02-04,281.1183045519764,281.92269060830574,273.6097108984034,274.6991874425947,131638
DEMO_A,2025-02-05,272.8159536192597,275.5481485028596,270.0366792241653,274.53378846259267,85485
DEMO_A,2025-02-06,275.49886917944104,279.8959430879151,275.0958976381428,277.569969587834,113515
DEMO_A,2025-02-07,277.69794635962694,278.71162518809876,272.3829283757608,275.2841834988176,75069
DEMO_A,2025-02-10,274.0495580462232,276.68669017909053,266.9451427798491,269.8783277862832,131746
DEMO_A,2025-02-11,270.87804008557254,276.35142674162637,269.2995850198535,273.3544488863897,125232
DEMO_A,2025-02-12,273.92120811938696,274.9734296198658,268.8389834755788,270.76298148431863,81044
DEMO_A,2025-02-13,271.5118240239627,271.52294027996146,267.67852731508617,268.73435930137936,101759
DEMO_A,2025-02-14,268.77698294570786,272.5854360161988,268.151903374499,270.4693101490907,89525
DEMO_A,2025-02-17,271.14871881494304,274.40010860026,268.4207883515894,268.79930980203636,96666
DEMO_A,2025-02-18,268.038083604483,269.4515103224437,266.2107577573931,267.16608843513296,131788
DEMO_A,2025-02-19,266.088474430395,268.02687015181505,263.579271097367,266.3559575786125,112617
DEMO_A,2025-02-20,264.93615592547576,270.7122077433668,263.4442775127823,268.2234028598988,116743
DEMO_A,2025-02-21,269.1899536153862,271.4527963628329,268.68842904506346,270.348452428497,129812
DEMO_A,2025-02-24,270.8317771021671,273.06359471243485,260.98110746812364,263.9740038530674,124062
DEMO_A,2025-02-25,264.3173140287316,266.39862677731645,259.7854407077108,260.1116015820363,142403
DEMO_A,2025-02-26,260.05470372887396,262.3136809037165,255.10728786372133,257.1627447011715,98729
DEMO_A,2025-02-27,257.736626667197,258.36224037416775,255.32017246915277,255.91319597844463,113487
DEMO_A,2025-02-28,255.94660685639093,261.25366588848425,253.96923201578468,260.2321869733936,129751
DEMO_A,2025-03-03,258.5276969568126,265.1675526515466,257.5031463522337,263.30076495766497,117072
DEMO_A,2025-03-04,265.77943454077405,274.81883511376736,262.76681307159873,271.7951467828578,145670
DEMO_A,2025-03-05,269.32005353763634,277.85304837998467,267.326106801568,276.03915878288336,106912
DEMO_A,2025-03-06,276.31964490403107,280.131376013959,273.7530310205914,277.64102389793453,95949
DEMO_A,2025-03-07,277.6512429384364,285.7364320402266,275.063025512537,285.68199065955173,100587
DEMO_A,2025-03-10,285.3638505356445,291.61441259223744,284.3955742397079,288.9388439206635,113829
DEMO_A,2025-03-11,289.9129623737375,292.30256900059,286.6755164830411,291.3894589486135,111117
DEMO_A,2025-03-12,291.40752550284833,295.18619602007385,290.0344161249385,292.1356773967723,89222
DEMO_A,2025-03-13,291.4116036710797,291.7052044292589,287.44822099269277,289.80877663981494,122466
DEMO_A,2025-03-14,289.5256052680331,297.4495928449836,288.8266585924455,297.2020830995146,124478
DEMO_A,2025-03-17,297.73118304171174,305.6557235253333,294.71786343473076,303.3793841265187,94334
DEMO_A,2025-03-18,302.72955110318776,306.4545566455209,299.36137768872743,305.84735810357813,99464
DEMO_A,2025-03-19,305.7670527121297,308.5846071477855,303.5640545415323,308.2725010918373,108594
DEMO_A,2025-03-20,307.71738682986637,312.3206673501981,304.0939938779333,309.8463874304974,119216
DEMO_A,2025-03-21,309.096703825798,311.40573839526814,307.5450859944242,309.43463790409623,75343
DEMO_A,2025-03-24,308.7284915218237,316.1271306424004,308.2307838697037,315.4296788579336,102652
DEMO_A,2025-03-25,315.5594190091464,322.4712063683445,315.4784311467279,318.8830988490874,80545
DEMO_A,2025-03-26,317.91236940091403,318.8630112793209,309.8708349877148,313.58112948733555,81958
DEMO_A,2025-03-27,313.57842244658883,314.511017346195,310.4716136381705,313.9168999070503,79344
DEMO_A,2025-03-28,314.40267929794027,318.874601795995,312.2892492083971,315.9038114574639,95185
DEMO_A,2025-03-31,317.44906606075017,329.39030080665685,314.5119552576303,325.9833804142252,127666
DEMO_A,2025-04-01,324.5592345196951,327.13715439255776,320.7708316316134,324.44081317929005,111655
DEMO_A,2025-04-02,325.40254279257334,332.12705364355304,323.44794981616906,331.6908608718749,89725
DEMO_A,2025-04-03,330.78843105836495,337.26329045207643,326.8782420026641,335.38652967448587,112494
DEMO_A,2025-04-04,334.3099644422605,337.8521668249971,330.6739043484692,331.6010330688867,134227
DEMO_A,2025-04-07,331.7218222248474,343.53535452775105,330.54120699076464,342.5134618300066,156145
DEMO_A,2025-04-08,342.76926725395754,356.78677531393987,339.68110097117034,355.77465444078035,128719
DEMO_A,2025-04-09,357.90635280426966,364.1358039027919,355.3772238807643,361.93777408526677,82048
DEMO_A,2025-04-10,365.23116472379934,369.17041641642356,363.07237162112517,365.4036973786261,126580
DEMO_A,2025-04-11,366.30888820328346,366.5315771417851,361.0522420112909,365.4198361156984,109242
DEMO_A,2025-04-14,364.98903616074483,370.5287776174171,364.5020787063584,367.7321056111776,106596
DEMO_A,2025-04-15,367.4281917306823,375.91633623328613,363.81307789597463,372.42247409670216,108535
DEMO_A,2025-04-16,370.1630191813938,378.9587488285379,366.3964463677673,376.9488881453722,99813
DEMO_A,2025-04-17,377.9159472112731,381.94069389649104,376.4803541557336,377.923302840397,119762
DEMO_A,2025-04-18,379.32595881794094,381.78182861571173,373.4767158970524,377.9778544430541,87063
DEMO_A,2025-04-21,380.1622446392142,387.7069835597019,379.2380707109643,385.4370438770727,85806
DEMO_A,2025-04-22,385.3286584851036,387.1229365369012,383.6737229421154,386.95763651426404,75488
DEMO_A,2025-04-23,386.2635913992991,389.22083541729626,383.5506312037423,386.3767939081622,92746
DEMO_A,2025-04-24,385.02961313588816,387.3043844362192,383.08802740979286,386.6765709146005,77820
DEMO_A,2025-04-25,386.768211829514,387.5302171760495,379.2227351434182,381.82399940476455,80287
DEMO_A,2025-04-28,381.01356874566824,384.09649383207335,379.4259680014409,381.804142395065,92054
DEMO_A,2025-04-29,382.641816198669,388.21551321544746,378.44646746200203,387.61002721209513,104881
DEMO_A,2025-04-30,386.0719858236688,395.0076783594164,381.8423866888683,392.8204989143173,130574
DEMO_A,2025-05-01,390.80184869682967,393.87796419415764,380.45693416135686,382.47775273317706,138636
DEMO_A,2025-05-02,383.393005999021,393.03936271694215,383.1986101867882,390.7751476953557,90052
DEMO_A,2025-05-05,392.1654957573707,396.37865706274806,387.80598140750794,389.2000364344257,120522
DEMO_A,2025-05-06,388.6071341241997,400.1619823531235,384.90983896725294,395.5970142672933,95328
DEMO_A,2025-05-07,397.30578724218043,397.4354886248448,393.0986820579991,395.7990570501934,109761
DEMO_A,2025-05-08,393.9446058247982,398.96089899899323,390.3613129360189,397.02343696635364,111295
DEMO_A,2025-05-09,398.42845488495215,398.5711529805177,391.963500212364,395.28583314590446,116631
DEMO_A,2025-05-12,392.7601845527042,394.3308984689733,386.03178108594415,388.26547060046727,118827
DEMO_A,2025-05-13,390.0088083202081,392.3404601437174,384.1924955721027,388.0543568850555,96353
DEMO_A,2025-05-14,387.7785773033309,390.25677458203234,382.65895684994445,384.0831805407345,80756
DEMO_A,2025-05-15,386.07298200401743,387.41152127250933,379.47668761471965,383.8968570645332,78561
DEMO_A,2025-05-16,384.23916050871435,388.36481344499543,381.65319412135665,384.8638136967517,106799
DEMO_A,2025-05-19,385.2997164218596,389.4117271910448,379.6737499335847,384.2549982189054,108980
DEMO_A,2025-05-20,382.4960602816804,385.6248397846464,376.8816798907405,379.45768148323975,93886
DEMO_A,2025-05-21,378.23813222625273,380.29084144932494,372.11214297482843,375.06887759995726,80724
DEMO_A,2025-05-22,373.58434083383463,376.53283771408684,369.9694680361033,373.0614473960061,85133
DEMO_A,2025-05-23,376.00582849166494,377.014147399851,374.38373662676025,374.77281756253683,90605
DEMO_A,2025-05-26,375.1440035116411,377.3178906059114,372.688025731461,374.1613162352863,114648
DEMO_A,2025-05-27,375.9139157586572,380.605949975793,374.6398602160115,376.40115105763147,101950
DEMO_A,2025-05-28,376.891768416798,386.41825429075806,374.14844204374555,384.0549587518808,89008
DEMO_A,2025-05-29,385.82534969575823,387.7284025287899,378.86731880062007,380.36158140619574,115069
DEMO_A,2025-05-30,380.70695138766143,381.8689939142967,371.5078379192805,375.74083298573237,108200
DEMO_A,2025-06-02,376.19820568848326,379.0723884503988,368.10682224425375,369.5112414685737,124803
DEMO_A,2025-06-03,370.2649582622418,374.4724639511332,366.63071373011195,372.4104861417159,82329
DEMO_A,2025-06-04,370.99538118940336,375.1119770563578,367.06921906300164,374.25733504364916,133394
DEMO_A,2025-06-05,376.47733185350125,380.4424588646889,373.6196819672655,375.0011553998727,69302
DEMO_A,2025-06-06,373.48676571149247,375.32792756523503,372.7897713367576,373.1856872157379,84178
DEMO_A,2025-06-09,371.56269776260103,374.52443150636054,362.773211630884,366.1098958857986,101583
DEMO_A,2025-06-10,366.6726033665839,369.94701259764406,362.05535189807296,366.06699656092934,68053
DEMO_A,2025-06-11,367.41828440871916,369.5828118227973,366.2468062364123,368.36689922743136,78335
DEMO_A,2025-06-12,366.2316956504776,368.69061100746137,359.3640500093899,361.5970115194788,105136
DEMO_A,2025-06-13,360.53319554131764,363.4355926874447,352.9188033464941,354.86664326015824,126833
DEMO_A,2025-06-16,354.71536320877607,357.54917378694654,351.3452835522442,354.1709570276963,75901
DEMO_A,2025-06-17,356.5430049435103,358.03274463267456,347.9657523637406,349.7863490412868,124437
DEMO_A,2025-06-18,351.2286583097078,352.461585570171,347.9304511162429,348.2849209512692,131669
DEMO_A,2025-06-19,349.0679184575662,350.20324962966157,344.3877600850696,344.4089778948971,124199
DEMO_A,2025-06-20,343.24789782285944,344.0482619270696,333.92463030593603,336.1843094959971,91837
DEMO_A,2025-06-23,334.54852022228545,336.5091523689599,329.0177750858132,329.0353970686782,88877
DEMO_A,2025-06-24,329.0818963538558,332.92553257977914,326.3284784005979,332.478624593761,137938
DEMO_A,2025-06-25,331.98421059725683,334.2396050321022,329.7463893952534,331.3190531294121,95044
DEMO_A,2025-06-26,331.964946029176,335.525289456087,322.7446460080491,324.8999155318914,114859
DEMO_A,2025-06-27,323.40351585193537,323.4713249960543,321.4481878630429,321.96263017849793,84129
DEMO_A,2025-06-30,321.93397279793913,323.9274540687229,321.1337808777274,322.1935835514897,113699
DEMO_A,2025-07-01,320.8477310660958,321.7885707153834,317.5039934452795,319.4458704772965,127816
DEMO_A,2025-07-02,318.8277630008529,329.5369607067272,318.0131856744286,328.7667136945198,123117
DEMO_A,2025-07-03,326.85073363908555,327.62617478035344,323.5367656267517,326.96414542210476,78058
DEMO_A,2025-07-04,326.9712831150557,327.3265225463998,320.81272170811604,323.90769984581067,102435
DEMO_A,2025-07-07,325.0783952818911,326.7310647426362,323.95955609466534,325.5801816882358,70787
DEMO_A,2025-07-08,327.8903815047423,331.95664468281933,326.77940029813266,330.0713600108776,110784
DEMO_A,2025-07-09,330.28496665142666,334.8445983128295,327.768182091055,332.9780701558632,81374
DEMO_A,2025-07-10,332.92692778870315,333.7493162438849,324.10117324792316,326.14899672534295,142281
DEMO_A,2025-07-11,325.2088727781585,338.79499026337163,323.4979199123552,336.20105049020117,111045
DEMO_A,2025-07-14,334.88531867059936,344.4553096835621,332.1340287992899,342.00895944535944,92075
DEMO_A,2025-07-15,344.500812683341,351.89597058592307,343.7431812862143,349.3035848445524,98772
DEMO_A,2025-07-16,347.7815008957311,351.951750932928,342.844807893675,345.5973852764089,87146
DEMO_A,2025-07-17,347.5539224078113,353.22646700190234,346.95403392826614,351.34230196621513,113529
DEMO_A,2025-07-18,351.8565035917536,353.87037547525176,350.9149222178287,353.593866495874,107159
DEMO_A,2025-07-21,356.2562446634861,357.3960573442407,346.5000728355335,350.0916630031825,105244
DEMO_A,2025-07-22,348.8770629867448,355.1446886269509,345.9457863991091,353.8460119400624,127860
DEMO_A,2025-07-23,354.86849529746144,358.4229390513799,352.17157216432787,358.2918755551954,84305
DEMO_A,2025-07-24,356.6152931067275,357.7317987745269,354.45458123712854,356.3855416385974,64955
DEMO_A,2025-07-25,355.6864180102889,356.66109144565337,347.0066508477668,350.834178370796,136431
DEMO_A,2025-07-28,351.4457290495525,354.25187917560214,345.97903943381596,346.27089346168816,91427
DEMO_A,2025-07-29,345.1708174293479,351.6389154881042,342.5189500113591,348.7265698888232,91045
DEMO_A,2025-07-30,349.349569461136,354.86541773833903,347.44932937670535,353.2925226430263,136812
DEMO_A,2025-07-31,353.64371761151114,353.9197489534218,350.7231748043524,353.21430489189834,84774
DEMO_A,2025-08-01,350.7809732537693,360.9651439957545,350.6400826845216,358.06499712511095,91097
DEMO_A,2025-08-04,358.20857798612326,367.82621898445495,358.0328380645839,363.91561934121586,124584
DEMO_A,2025-08-05,363.9917897545277,368.27612970150705,355.6593971916739,357.85085288958606,144486
DEMO_A,2025-08-06,359.22373314358856,363.98514882971,357.0455414075951,363.5460007605443,127330
DEMO_A,2025-08-07,363.40121402838435,367.57806260841767,362.24358587049943,364.65951227927985,97320
DEMO_A,2025-08-08,364.9856280380618,367.1660099762281,359.7084992322238,360.68575403862104,89064
DEMO_B,2023-01-02,229.11658529153993,232.2096575741649,226.6436654121265,230.88391307198955,128116
DEMO_B,2023-01-03,231.97656537759246,232.78533800011004,231.9394129988623,232.10166706995986,96996
DEMO_B,2023-01-04,232.12516937520195,232.1503260436225,231.6189512456463,231.72724147786266,70101
DEMO_B,2023-01-05,229.91613903710132,231.96525173548068,227.15919855189912,231.5933948314562,106832
DEMO_B,2023-01-06,231.7752777468588,234.66078810079648,230.94549407953605,232.7094169353764,93682
DEMO_B,2023-01-09,229.96515774199716,233.46966818062913,228.69673565599234,232.81401073660905,94913
DEMO_B,2023-01-10,233.25235558991042,238.54468999275244,232.96917554608459,236.91557813329626,123168
DEMO_B,2023-01-11,237.2832982028151,242.96878833468585,237.12894025971443,240.499647854469,104390
DEMO_B,2023-01-12,240.3541873066847,245.8431780305986,238.80643022827283,244.43869628722874,137032
DEMO_B,2023-01-13,244.53268063899864,245.55612643840473,243.02115597880206,245.13936376922072,130049
DEMO_B,2023-01-16,245.67450132935585,248.1864750456279,243.88510933585314,247.68194112416236,127778
DEMO_B,2023-01-17,248.0406368940502,253.94654171969307,247.09105090074127,252.15085512945902,86932
DEMO_B,2023-01-18,251.99180806104678,257.67039160050564,249.9484274469833,257.5274524304174,120341
DEMO_B,2023-01-19,256.58052669305255,259.05468559304586,253.53267631174592,258.20323593499165,109821
DEMO_B,2023-01-20,258.0743911857938,261.16015882696576,253.45991627764275,255.65898798265303,90279
DEMO_B,2023-01-23,255.65647373089502,263.40304350895644,253.43728583210807,262.94458280310926,118969
DEMO_B,2023-01-24,262.2473611319159,267.212844169882,260.19385817806847,265.89627450735173,139985
DEMO_B,2023-01-25,266.17296188093786,272.5412608483968,263.58372928355004,269.8935402557654,87890
DEMO_B,2023-01-26,270.1362987896453,272.1400798478956,267.8046324512094,270.8606795230969,94810
DEMO_B,2023-01-27,271.03631796524684,273.25485805476404,269.36581737901537,269.94812635581997,98642
DEMO_B,2023-01-30,269.805650502183,270.4313575786522,262.02606532937693,265.1137167781916,115734
DEMO_B,2023-01-31,265.8607150698654,268.4800032392617,264.3767193581189,264.63292329855517,101759
DEMO_B,2023-02-01,263.62914994480315,265.1686041816166,261.1379087101727,263.7163500167943,73269
DEMO_B,2023-02-02,264.3441132721449,264.35984426687486,261.6587057446819,264.28460948653384,74995
DEMO_B,2023-02-03,265.4149719111949,273.4409415403703,264.86204146559606,271.72581838526025,103445
DEMO_B,2023-02-06,271.03928120150005,272.36849159371246,266.6702492263179,267.9409649373368,98830
DEMO_B,2023-02-07,268.24049709540515,269.2494378167271,262.17420903669466,264.4857790284645,115720
DEMO_B,2023-02-08,264.4979829837868,269.99748108176567,261.83519161120716,269.8776414431728,107118
DEMO_B,2023-02-09,269.88756164366123,269.9208890873361,268.8628169461931,269.140622294269,86661
DEMO_B,2023-02-10,268.30168576703824,269.2739860223304,263.1654114121511,265.8230211918801,116799
DEMO_B,2023-02-13,266.84704199360397,270.67309523304573,265.77555013284336,270.4489473299296,83601
DEMO_B,2023-02-14,271.1149859675421,272.04356439519336,265.310975763737,266.34962722215647,116289
DEMO_B,2023-02-15,266.24711504971174,268.92690468928527,265.09659245756785,265.26746632381406,100834
DEMO_B,2023-02-16,267.73560481617466,267.8222254720393,266.10616035514573,267.05992541829505,130600
DEMO_B,2023-02-17,266.7024652852741,269.2381883431358,263.1135089248239,263.7431675133227,110074
DEMO_B,2023-02-20,262.6262945758315,265.0682513602585,262.14250623256,264.2522971310488,74160
DEMO_B,2023-02-21,264.3822825064714,269.84580265774207,262.25470369794766,268.09903487173136,118094
DEMO_B,2023-02-22,268.9753067902653,270.30076078605475,265.0958143659157,265.500564330351,99752
DEMO_B,2023-02-23,264.84060660253124,264.8799972294629,259.8461371852155,260.1548413645455,109939
DEMO_B,2023-02-24,260.71151195763673,261.3065332254437,258.48709297365326,261.105452935844,104328
DEMO_B,2023-02-27,260.9321977253197,262.2173085772712,258.66154613983576,262.1377084375818,114437
DEMO_B,2023-02-28,261.218919841445,261.9308506746196,260.4923495865671,260.95736064272944,80959
DEMO_B,2023-03-01,262.4579085325348,266.1925981636246,261.47272219378067,264.38399089812884,105840
DEMO_B,2023-03-02,264.6717156604839,268.58181892333283,261.7694688839925,266.3472437336358,109101
DEMO_B,2023-03-03,265.32539236042334,268.1683637600679,264.20980000742713,265.6214234726556,115044
DEMO_B,2023-03-06,264.08463061637474,264.40833819010805,260.30778620546215,262.1809649954823,74695
DEMO_B,2023-03-07,263.53055218250796,267.40229531892913,262.0258066245629,264.6894508141828,94963
DEMO_B,2023-03-08,265.31788057073044,267.6150697068835,259.3278905453761,259.3681619592981,118961
DEMO_B,2023-03-09,260.71283212117925,263.9245805252825,258.795808626369,262.01285694122083,70951
DEMO_B,2023-03-10,263.4421638930852,263.55636485513,260.67726054185454,262.4447827988623,131106
DEMO_B,2023-03-13,260.73323870822117,264.07108993997775,258.1204011228939,261.80175700169167,80121
DEMO_B,2023-03-14,261.040104457861,264.19380270252367,257.9389159060184,263.1426131469877,76790
DEMO_B,2023-03-15,264.03568462788314,268.76576933528656,263.9599447336407,266.0575874572122,135899
DEMO_B,2023-03-16,267.52466178194015,268.020557158195,264.23534395321275,267.1575625880367,86532
DEMO_B,2023-03-17,266.9818540943062,271.9692838017996,266.93739550616175,269.850480884195,121336
DEMO_B,2023-03-20,269.27834679125914,269.5343174150529,266.9803405849918,268.88532220734885,127839
DEMO_B,2023-03-21,268.79729667321163,270.2910879111729,262.7406963491307,264.99687586689276,125168
DEMO_B,2023-03-22,263.63581747500405,265.3599376847633,259.5954514065707,262.19209918921194,123959
DEMO_B,2023-03-23,262.20718702282323,265.1396613679424,254.98896647548273,256.9744165868186,114566
DEMO_B,2023-03-24,256.24752410354097,262.80403237708344,255.35183160214464,260.72895668260867,103021
DEMO_B,2023-03-27,260.9856074477215,261.71881089137713,257.19330240236184,257.87312413469533,114586
DEMO_B,2023-03-28,257.2695679632984,258.1693784236461,255.6952924351816,256.8936535209223,98752
DEMO_B,2023-03-29,255.73869668114077,258.4879545223178,253.15607742300458,254.6070261078069,131975
DEMO_B,2023-03-30,255.73073477595617,257.577081748704,250.28028420058794,252.5565527272816,92589
DEMO_B,2023-03-31,252.99714599633108,254.93693204869896,252.00329494359377,252.65695523198315,82072
DEMO_B,2023-04-03,253.27359184988546,253.4651079532662,249.27965875255282,252.0382658147504,88859
DEMO_B,2023-04-04,250.56058828905472,252.28363032343586,242.9839547026007,245.40401285133515,131594
DEMO_B,2023-04-05,243.64753408688946,251.14260221265795,242.07722042901878,249.0166314840092,147340
DEMO_B,2023-04-06,248.87402401063954,250.96095549062787,240.84541494905264,242.3463722740474,137403
DEMO_B,2023-04-07,243.8088181469132,246.34942751396113,237.83690642028557,240.41143341793162,116650
DEMO_B,2023-04-10,241.3263172341797,245.2876628452852,240.00216339313823,244.62883142661286,92421
DEMO_B,2023-04-11,245.77775048415052,247.72300695099193,244.52062175710955,245.04543283183162,118174
DEMO_B,2023-04-12,244.78477346393962,247.7423428603474,244.081312016802,246.30318970229143,112716
DEMO_B,2023-04-13,246.81292614737015,253.00382306389403,244.46322364437083,250.49487358995674,134350
DEMO_B,2023-04-14,251.17326499001373,256.67525515289213,250.23721571081936,254.81805198647913,105719
DEMO_B,2023-04-17,253.8020556677489,256.1552536862797,251.2399789397265,255.96949762575585,126721
DEMO_B,2023-04-18,257.388710679297,262.9511843106575,257.31498995677606,262.25861493733447,110765
DEMO_B,2023-04-19,263.90913966297836,269.5029699461162,263.70469725265826,269.1157055794902,151084
DEMO_B,2023-04-20,269.08622294015703,269.09072614974167,266.2469075287885,268.1172466238698,124743
DEMO_B,2023-04-21,268.06739567064926,272.5662174416237,267.51374798388633,269.7945291119223,74795
DEMO_B,2023-04-24,268.3611111997145,271.8015707014182,266.55276616977596,271.4599495758979,85089
DEMO_B,2023-04-25,269.94542499007645,270.9781092646084,268.70347894492124,268.93560469645604,70364
DEMO_B,2023-04-26,270.53053728429575,271.84401666306826,270.116485838739,270.8903999930254,117723
DEMO_B,2023-04-27,271.5717384628355,274.7073887704904,270.36503692599695,270.71711700913494,101275
DEMO_B,2023-04-28,271.1926832748924,273.17414073804485,268.1635267571348,271.9958797453275,128852
DEMO_B,2023-05-01,271.5818390297117,275.3641441744405,268.7758268482932,272.19318720280506,122946
DEMO_B,2023-05-02,272.59787557624537,275.52525613011113,271.8207140776321,273.3310768570933,129844
DEMO_B,2023-05-03,272.9584423730487,276.62779249461187,270.6647118167905,275.25483150340756,121860
DEMO_B,2023-05-04,276.73887991818026,279.626916729956,275.2104448543248,279.3156386509237,138523
DEMO_B,2023-05-05,278.61381818269604,286.17571843322463,275.5203970813618,286.0710954484638,159566
DEMO_B,2023-05-08,286.19201705331,288.62247943485545,285.1237795563199,285.62138022938836,79430
DEMO_B,2023-05-09,286.8872114252891,290.7866499724075,286.0506610281531,289.02668050087516,115503
DEMO_B,2023-05-10,290.646942202629,294.86820070998954,290.26515176550066,291.6068641311603,107847
DEMO_B,2023-05-11,294.316099444737,295.75987177276784,291.6019263748765,293.01179166390136,126494
DEMO_B,2023-05-12,293.0902822429132,296.3540055967385,288.6695848729989,291.8110824673054,119586
DEMO_B,2023-05-15,294.76848753442914,297.7013847231123,293.83032270911986,295.4504386432864,86436
DEMO_B,2023-05-16,295.9780258607261,302.6944141798057,293.8438388992633,300.4532674811129,96583
DEMO_B,2023-05-17,301.3641222622793,305.12107430908924,300.0583287641186,301.69873617764085,99540
DEMO_B,2023-05-18,301.43258832687997,304.1920700112936,299.86726682417003,303.9032320171312,85322
DEMO_B,2023-05-19,301.91138983687483,308.637427538083,301.2923891804001,305.4906063896063,104170
DEMO_B,2023-05-22,305.08500996903035,310.3839621746477,302.204189881234,306.82900884233777,89906
DEMO_B,2023-05-23,306.0655253750739,307.60897909357834,303.56120751039924,304.03238103195713,97735
DEMO_B,2023-05-24,303.34509945164996,311.1944471949085,299.7605269923135,308.49916595899924,107232
DEMO_B,2023-05-25,308.0651624473198,314.30707942750416,305.917351318966,312.81881339236776,122384
DEMO_B,2023-05-26,310.5843318126021,313.61527234776446,306.45870720292993,310.1306228979933,114243
DEMO_B,2023-05-29,313.28594167590876,316.52954143271296,310.33114667480834,314.7688075977492,110632
DEMO_B,2023-05-30,313.4695832498645,316.9879053056569,305.59679844109,306.18704453563686,125943
DEMO_B,2023-05-31,308.8024071101785,319.39754149453756,306.30846169513734,317.32776714261144,112701
DEMO_B,2023-06-01,316.2511367741776,316.4049616927943,315.1994426967184,316.393481506358,72921
DEMO_B,2023-06-02,314.7830788869093,316.6270042584374,313.30784905489935,314.4033125126515,106705
DEMO_B,2023-06-05,319.0661352305417,319.3360791342039,314.6184199924069,315.8098921790134,85400
DEMO_B,2023-06-06,315.7027849661908,319.75051842411483,315.46203313884735,316.91639774606824,96155
DEMO_B,2023-06-07,317.1530809113362,318.807770264551,306.56927965801015,310.18885461868825,134394
DEMO_B,2023-06-08,308.2684297341881,315.23338469622223,304.99075642950487,311.6709262686583,134350
DEMO_B,2023-06-09,311.4385162406605,311.6669827530846,304.11719336201025,304.3626993840459,109149
DEMO_B,2023-06-12,306.53471916078445,314.15979414738996,306.415899617485,311.11706938503625,108750
DEMO_B,2023-06-13,311.54605680099826,314.14345175573027,306.91060033755707,309.7958192216592,123958
DEMO_B,2023-06-14,309.46550144529317,311.8893679924721,302.27727962945016,304.8992973985048,143182
DEMO_B,2023-06-15,304.72337632966327,307.10700196285393,304.403882943657,304.82688601081816,126950
DEMO_B,2023-06-16,305.7051319771239,310.20317030868506,305.21515450391814,308.25422124272797,89754
DEMO_B,2023-06-19,306.6490501316532,310.6255953508517,305.3950446776553,307.29237016577457,84082
DEMO_B,2023-06-20,305.81257325999746,308.79353598973853,302.67707735436767,305.6864963529619,128090
DEMO_B,2023-06-21,305.4927920870839,306.48569078784766,297.64189652125697,299.3952904815708,90905
DEMO_B,2023-06-22,300.28353931637935,301.9858687387495,298.50959513034394,301.7376831017934,126197
DEMO_B,2023-06-23,301.8376011261196,304.41556847327877,300.1077634968053,300.8988588997518,119732
DEMO_B,2023-06-26,300.69934585932253,301.1840721194407,296.68313312601043,300.02001761866256,72387
DEMO_B,2023-06-27,299.4337873702207,299.9697319083571,295.0640535696836,296.67586021143654,97906
DEMO_B,2023-06-28,295.9461508605033,296.26257844419666,292.4599200492027,293.62850682911966,128733
DEMO_B,2023-06-29,294.996695120889,297.1469770256749,289.6828581007937,291.2235701765832,126170
DEMO_B,2023-06-30,289.83468034349136,290.37763447766986,281.0908243619953,283.564463766878,111691
DEMO_B,2023-07-03,282.67530114859414,286.0394444499099,278.8434058364944,282.0509906890531,115196
DEMO_B,2023-07-04,282.0263762128702,286.36984711072745,280.2366769318711,285.25401536750184,129974
DEMO_B,2023-07-05,285.66581095715424,288.9924040767326,278.33446613388514,279.006005312418,101639
DEMO_B,2023-07-06,278.4278797107071,280.16276121308505,275.05368980422105,276.8436686228096,104263
DEMO_B,2023-07-07,277.099441166239,279.5778134297849,272.41482092242336,274.49142076385533,78183
DEMO_B,2023-07-10,276.12922583439575,276.2792859415786,273.44942138110804,274.25931769305276,98939
DEMO_B,2023-07-11,275.1878327588978,276.9445304137097,269.531491342617,270.7969642791125,137403
DEMO_B,2023-07-12,269.4787991126859,272.02883780796896,267.73003553810076,271.9830937558819,117223
DEMO_B,2023-07-13,272.76622126774436,274.92896926741435,264.88001495473964,265.8822206040076,135868
DEMO_B,2023-07-14,265.44025116500256,268.9216109911017,262.4654548731807,266.4276556788258,115881
DEMO_B,2023-07-17,268.0954885021727,268.6416813523405,264.37189814921555,267.44228703477046,89926
DEMO_B,2023-07-18,265.2374062179171,266.85267586425863,261.4213846474026,264.57678318367294,126506
DEMO_B,2023-07-19,264.70804937634705,267.5565756864316,252.0597088337502,253.87792163526802,175876
DEMO_B,2023-07-20,254.5692091746247,255.05518124268255,253.79618483451017,254.74740260849686,65066
DEMO_B,2023-07-21,254.0178658529834,254.6503138642912,247.9933524578903,248.99281601813695,114101
DEMO_B,2023-07-24,249.96292064486397,250.30757666798607,243.77092366760976,244.1372665822257,137276
DEMO_B,2023-07-25,243.7114101395463,246.70887048555335,242.20432139926535,243.9765553668276,102308
DEMO_B,2023-07-26,243.8744074342584,245.05068075186423,241.14360161741558,243.22269070590295,77139
DEMO_B,2023-07-27,244.4447173848383,249.23103339154042,243.2413101332408,247.32879489342648,140211
DEMO_B,2023-07-28,245.85138289826372,252.42093410698638,244.09897098851656,251.74581531446017,133528
DEMO_B,2023-07-31,251.82434958580376,252.85494566835717,248.16241616534074,249.15705343361108,109079
DEMO_B,2023-08-01,250.14081351917133,252.96557455652567,249.72577511042087,249.93380212068558,120023
DEMO_B,2023-08-02,249.6034580676772,255.41239801422125,247.26228468098614,252.49443764391108,106958
DEMO_B,2023-08-03,252.88673142749673,253.5793547252789,246.33585255174052,248.4654929810329,88117
DEMO_B,2023-08-04,248.7339362267953,250.83760391195895,245.6414540689956,248.07894159025886,109301
DEMO_B,2023-08-07,246.7697146690181,248.57921128582802,239.43280646671164,241.72590468097684,137176
DEMO_B,2023-08-08,241.30645506288263,245.22277429050098,240.5016346189882,243.7333222673306,135530
DEMO_B,2023-08-09,243.24552018265993,246.50003823711907,240.76000957944558,246.23689943104498,89686
DEMO_B,2023-08-10,246.94418904496854,249.15578364917772,238.74391233493202,240.57363603700375,152534
DEMO_B,2023-08-11,241.07208614954473,243.6891900902712,240.7315728271562,243.1526293806775,82320
DEMO_B,2023-08-14,241.85331808665867,245.78327493043716,239.00184785187005,244.33127976569347,95362
DEMO_B,2023-08-15,245.90480884825303,250.08144622287315,243.92705542621096,249.87641085098858,138510
DEMO_B,2023-08-16,249.2755862544708,254.39219207494227,247.26193766795302,251.54008240425273,88003
DEMO_B,2023-08-17,249.80349940195134,251.03991152127543,248.1904518603406,251.01702797539457,84982
DEMO_B,2023-08-18,250.9206475408511,251.42943009900625,249.80031629946868,250.52317865740665,117766
DEMO_B,2023-08-21,251.08127848701162,252.68261326842034,250.62618099353114,251.8996221828041,123533
DEMO_B,2023-08-22,251.1881299144832,251.79523201467748,249.3680166402974,250.82505792752778,80518
DEMO_B,2023-08-23,251.53080886170733,252.71409985308907,248.62136651375633,250.740789382115,76697
DEMO_B,2023-08-24,248.60052337680193,257.0920054851334,247.44856389619832,254.80199045008362,121217
DEMO_B,2023-08-25,253.81111154970955,258.67150666577294,252.1348825673684,256.3296037366172,129519
DEMO_B,2023-08-28,257.8138484428006,260.56383552023755,257.46536354487546,259.493942316248,134952
DEMO_B,2023-08-29,260.28437206699584,260.8071250703379,259.6507935364188,259.9685204664985,103083
DEMO_B,2023-08-30,262.43576484144,266.75337209778934,261.88522731292153,266.52853855391726,135977
DEMO_B,2023-08-31,267.55928772954786,273.8526747587083,265.2339703094798,271.83272812091445,118286
DEMO_B,2023-09-01,273.54861195965987,276.7154861423703,270.29573947784985,275.0041180055858,103585
DEMO_B,2023-09-04,276.93769662269585,278.9277392639155,276.9060137155899,278.4270041757188,91312
DEMO_B,2023-09-05,278.5969321669749,281.3842495551698,278.0868590443924,281.01044273741684,84546
DEMO_B,2023-09-06,281.4944811683221,284.4474394135889,276.40180210017195,278.03169088956827,87303
DEMO_B,2023-09-07,276.63933494911754,281.11268862213115,274.2369046255311,278.5374896780957,123236
DEMO_B,2023-09-08,278.76321478070486,281.60882868808966,276.9160783001361,279.93173704650826,71758
DEMO_B,2023-09-11,279.8072956277258,286.598032999439,278.29856885781027,283.80874786124235,125552
DEMO_B,2023-09-12,283.93124066200744,285.5867238103673,280.7393562767302,284.40221765669753,81260
DEMO_B,2023-09-13,283.75804283298453,285.8896793303926,280.749647972359,284.69798928504383,81220
DEMO_B,2023-09-14,284.78149099129865,287.5871370276397,281.7405089179746,286.8916318682399,112493
DEMO_B,2023-09-15,287.1615397467501,294.0488668353848,284.64956822622173,290.8548276606213,88478
DEMO_B,2023-09-18,291.023194774215,294.32695605392826,287.92046768848326,294.30340792138037,101903
DEMO_B,2023-09-19,294.02259830636126,295.94916640265023,292.00100194456525,292.61344652062206,91123
DEMO_B,2023-09-20,292.594321512442,294.48135942655114,289.63737845290285,293.8989247280731,102810
DEMO_B,2023-09-21,294.6381159714521,297.1201750776137,293.64459739250674,295.0364150393242,79725
DEMO_B,2023-09-22,294.3414123630458,296.92501101210865,291.20419189923535,296.8019541112377,136394
DEMO_B,2023-09-25,297.5647898118148,297.9556995236982,292.16727382824547,294.1901697429465,138527
DEMO_B,2023-09-26,293.20703387604175,295.50984523605564,288.4019406752955,290.12136364631925,106415
DEMO_B,2023-09-27,290.7190654141955,291.6328067815334,283.38707814624075,285.0576048446368,129006
DEMO_B,2023-09-28,285.1274682123234,288.9527655935044,283.65767448854547,285.71057067800047,115412
DEMO_B,2023-09-29,287.15059930494596,288.9626051689373,285.27055638228575,286.3229633116725,92634
DEMO_B,2023-10-02,285.92667394670843,286.14052432414434,279.17242636286335,281.1255416389964,127197
DEMO_B,2023-10-03,282.4091338307678,285.2718509365301,279.8337598786147,280.3566344225829,125458
DEMO_B,2023-10-04,279.32695005547237,280.5800070453452,274.95765037119384,276.0297102891233,120169
DEMO_B,2023-10-05,275.64106257992444,281.4481564681316,273.0742471300943,279.0220248261905,124896
DEMO_B,2023-10-06,277.99640007256215,281.5972590983008,275.695714407903,280.7941944590791,100782
DEMO_B,2023-10-09,281.327084127399,281.82721284760004,273.0375841562237,274.4564023028264,138585
DEMO_B,2023-10-10,275.2541314359001,278.1735877944566,273.98130283403896,276.90466286404126,81573
DEMO_B,2023-10-11,277.1430564254312,282.31237448951555,274.52063856311185,278.9750764241268,95921
DEMO_B,2023-10-12,278.92966494072914,284.0329687789521,276.8951551112244,281.10356397721586,102169
DEMO_B,2023-10-13,282.5616198172038,286.98197590491657,281.51306383278444,285.670104971372,126697
DEMO_B,2023-10-16,286.5009340827055,287.89433243210306,277.2011702633751,280.0877570675595,152854
DEMO_B,2023-10-17,279.3130238098,279.90827523519147,272.2372165899749,274.542735222968,97806
DEMO_B,2023-10-18,273.14180543053146,275.22591007419896,270.6660525494949,271.6604821574672,76691
DEMO_B,2023-10-19,271.0226670910181,277.05062289240516,267.9427428472886,274.05504935395504,77794
DEMO_B,2023-10-20,275.1720579064091,275.8911231193978,274.33275866016845,275.26601649570523,86266
DEMO_B,2023-10-23,276.5687067427726,277.8516321619977,271.39041400222396,272.48509490808055,88125
DEMO_B,2023-10-24,273.58254947958756,274.07112327638913,267.74031604845294,269.05969003827227,101903
DEMO_B,2023-10-25,269.4219284226371,271.60948192249845,266.65706294155876,267.54017246404936,90200
DEMO_B,2023-10-26,267.96223304129677,269.01711027371357,263.22283737089185,264.8658756541535,101058
DEMO_B,2023-10-27,265.32980961704277,270.1109770509377,262.81281968770986,267.29947036313297,108227
DEMO_B,2023-10-30,266.3480926720054,269.12629010893454,261.7466104455041,262.31442076199926,94630
DEMO_B,2023-10-31,262.0265342007918,267.43063273225556,259.9997734225136,264.3121655449072,116197
DEMO_B,2023-11-01,262.7245499863326,263.9062742705646,260.5091263473807,263.06464164234836,80174
DEMO_B,2023-11-02,263.4721149075287,265.9515152002463,260.42269158322165,261.93945015745004,131402
DEMO_B,2023-11-03,260.5905257478775,262.23716899863615,256.1691369361074,257.10950232803634,129964
DEMO_B,2023-11-06,258.26563528238813,259.9448935688412,253.63509187531423,255.13188652857744,103322
DEMO_B,2023-11-07,256.1747581657702,258.858589017375,253.98390488222384,255.75881124149362,72356
DEMO_B,2023-11-08,256.2133299898105,259.1290650193034,256.07904486339055,256.5682368438158,89937
DEMO_B,2023-11-09,257.759394934705,260.08465196768685,254.8354348098826,254.93876671032714,103179
DEMO_B,2023-11-10,253.85328136215324,256.7854746911791,252.9948141467382,253.71525187387277,110645
DEMO_B,2023-11-13,253.34461551293398,256.2087445635726,250.26452274107223,252.75694913328843,81557
DEMO_B,2023-11-14,252.6231850012133,256.4803734814505,249.78916780092422,255.6364978417814,96106
DEMO_B,2023-11-15,255.31080561269056,258.1136523536209,249.91174654592666,251.37398956983677,83796
DEMO_B,2023-11-16,251.95401658740624,253.5121741165107,249.051485505165,253.1798221163257,114204
DEMO_B,2023-11-17,253.10470054014172,254.25212230230014,250.84940023099813,253.52641584268255,89261
DEMO_B,2023-11-20,255.04004737307648,258.7197428416964,252.35538354776455,256.7286467959639,81663
DEMO_B,2023-11-21,257.3413698155759,260.2401214363251,256.9127325781242,258.99244499242,97335
DEMO_B,2023-11-22,259.5872963625227,262.676282819533,257.51945799022053,259.05194119719806,105431
DEMO_B,2023-11-23,258.0747819575917,262.728982591826,255.92374340596598,259.7987450068967,112190
DEMO_B,2023-11-24,260.19134523249437,266.80781954079794,258.74042505324377,266.5300107729231,107658
DEMO_B,2023-11-27,265.9209954076375,268.5115646193955,261.2242101513553,263.8714565833618,97854
DEMO_B,2023-11-28,263.6294629532135,264.7182015812053,263.61864369776185,264.3591750983506,122359
DEMO_B,2023-11-29,263.45580190347914,265.3153493941604,260.5137266362504,262.412813658011,95818
DEMO_B,2023-11-30,261.98165092977524,262.9828468115656,256.7429325342435,258.50181413234077,132953
DEMO_B,2023-12-01,259.57395776424175,266.008111384983,257.03607290900015,263.424651658889,91742
DEMO_B,2023-12-04,264.7175929217473,269.71567921302346,263.91131262102715,268.26165740032496,95041
DEMO_B,2023-12-05,267.32324407591,274.73703929448146,266.4319551254478,271.7707791021596,85274
DEMO_B,2023-12-06,271.29018456589824,275.0329986958907,270.0476622482798,273.234411850511,119341
DEMO_B,2023-12-07,272.01386552112695,282.3219122569795,270.08264400365516,280.1097438582846,161525
DEMO_B,2023-12-08,280.2599472302236,284.98907474665305,280.14291826107285,283.3247174855015,138043
DEMO_B,2023-12-11,281.7462201861725,282.123571708996,275.4509788939183,276.89421731516967,140370
DEMO_B,2023-12-12,276.9468882071563,280.6309400979112,276.1325785451143,277.7739025933233,121321
DEMO_B,2023-12-13,277.5327248969777,282.86313366048006,275.10356221504617,281.11660347502595,137083
DEMO_B,2023-12-14,280.9310683470172,285.02601539057406,279.2256374413869,281.75180504919166,67833
DEMO_B,2023-12-15,281.5737650660093,283.5335075886759,279.5636872045966,281.7829131699124,119062
DEMO_B,2023-12-18,283.1004355122459,286.02899535753045,279.46726741938033,281.3627323360222,131427
DEMO_B,2023-12-19,279.99105771648584,283.8407215578361,277.3396884354352,282.96890301824834,110953
DEMO_B,2023-12-20,281.56544970805237,285.5130792706102,280.1197626402706,284.5250776915446,113886
DEMO_B,2023-12-21,285.3099603522552,287.52643640813653,280.1409450089772,281.12380258800994,140101
DEMO_B,2023-12-22,282.51060664824644,284.9156692332408,275.3401561320894,276.8675922654973,112016
DEMO_B,2023-12-25,275.91136824556435,276.7131454128897,275.5621220491282,275.60885554847204,104303
DEMO_B,2023-12-26,275.3057955904209,277.7185700129651,272.4139436206644,274.1282536817245,109725
DEMO_B,2023-12-27,273.5211289211646,274.07436284095587,272.72796790884865,273.73753898602683,126078
DEMO_B,2023-12-28,273.70545282881426,275.9589486340497,273.4015163300156,273.5237855994365,121771
DEMO_B,2023-12-29,273.6509485139738,274.48985809519365,270.8357126812961,272.6087072011017,72825
DEMO_B,2024-01-01,272.60648664868506,275.55971772674997,268.42354555135086,269.83000056146574,132059
DEMO_B,2024-01-02,270.96294092500904,275.7469318408926,269.5915797419627,272.90226200777727,119662
DEMO_B,2024-01-03,273.86365995621054,277.1628827712842,272.880222181046,277.1592720520515,141494
DEMO_B,2024-01-04,277.90452935556965,280.28654118639025,272.7027464140709,273.33191994215554,87958
DEMO_B,2024-01-05,272.08697664286444,276.1428379006332,271.8978570200692,275.7469970849009,128168
DEMO_B,2024-01-08,275.4092334164703,278.35192382768867,270.6618706257614,271.3292395940056,97583
DEMO_B,2024-01-09,271.5467743964505,273.2829241050168,270.64721907116797,271.1505796320065,99463
DEMO_B,2024-01-10,271.6611408563786,273.9162875679305,266.4384793429609,266.83461454241905,138929
DEMO_B,2024-01-11,267.45266198734015,274.0628288196734,266.91857775452064,272.1162998666424,99150
DEMO_B,2024-01-12,272.63866574415704,272.7403909613578,267.00359681988124,270.21557327113857,132938
DEMO_B,2024-01-15,272.1083983565818,274.03179315844994,270.75303626418406,271.0028544900812,100080
DEMO_B,2024-01-16,269.09489135954425,270.607528895478,264.35307900940154,267.29428477134906,102903
DEMO_B,2024-01-17,267.1896458315792,273.98309422128006,265.18687737107075,271.8447783805138,105841
DEMO_B,2024-01-18,270.9663170680798,273.48700292893716,264.84260680477365,268.03812164076504,100923
DEMO_B,2024-01-19,269.5958816794641,272.75503613219837,267.540578972965,268.46861276534565,69545
DEMO_B,2024-01-22,268.0437129065546,269.97457186393257,259.01743780359664,261.7318934390153,97088
DEMO_B,2024-01-23,261.5940180035023,265.6566646510685,259.58032972962803,264.50883703379685,134654
DEMO_B,2024-01-24,265.2201088022675,268.96163804531307,264.8472574961109,268.04954981046615,133788
DEMO_B,2024-01-25,266.1097085889368,269.06910659928633,259.18134270367716,260.9944726168372,99719
DEMO_B,2024-01-26,259.711237420668,262.01203183878806,255.58776680865242,257.2189193695248,119500
DEMO_B,2024-01-29,256.4402799582659,259.4776765166541,253.9602011839478,258.70150426522986,133629
DEMO_B,2024-01-30,260.4764079744703,262.5401404223635,255.7065054934282,255.95530095521056,117163
DEMO_B,2024-01-31,255.2231183934609,257.29177160759525,252.0705115795737,252.43353015860507,99182
DEMO_B,2024-02-01,252.69835065830662,254.76853186045076,246.573766399337,249.14195756012816,92234
DEMO_B,2024-02-02,248.9189419811943,249.1566294335911,245.14560707108038,247.79141906935337,95907
DEMO_B,2024-02-05,247.52169070911202,249.12874064810435,244.07280729388003,244.73340255383957,112569
DEMO_B,2024-02-06,246.63589160606793,248.83160702499202,240.94589105025386,243.50491662252486,108865
DEMO_B,2024-02-07,244.45645275181693,247.0418769206595,243.23964689990103,245.83879432224933,126634
DEMO_B,2024-02-08,246.1727015888102,249.4908182917418,244.2485982184284,247.18742649765665,115847
DEMO_B,2024-02-09,246.48295730014632,247.5547905359964,241.8011423931457,243.7383015298587,86940
DEMO_B,2024-02-12,243.53793391650424,244.1386922222552,237.5812951055005,238.96485127496535,108279
DEMO_B,2024-02-13,239.50537959985311,239.62068795283443,235.53131988505461,236.92524310662776,108229
DEMO_B,2024-02-14,237.4761598576879,240.45899948196734,237.12202931306854,237.62792270842982,114004
DEMO_B,2024-02-15,235.83723334030554,238.4416966939537,229.8984634315227,231.8556453907817,134379
DEMO_B,2024-02-16,232.62000660429158,234.0900084546515,228.14968259082116,230.066697976824,110004
DEMO_B,2024-02-19,230.7322972424047,231.65940888453144,230.20107782156924,231.589045902487,126384
DEMO_B,2024-02-20,233.66044644395336,236.32546442793898,229.34357467510142,229.69220406902699,113579
DEMO_B,2024-02-21,229.2884912264539,229.50568647469615,226.43679866523158,228.41461664779135,71650
DEMO_B,2024-02-22,228.6844324006407,230.62497254250326,221.47933974329024,223.52515618681818,145200
DEMO_B,2024-02-23,224.21120649906263,226.81597899410482,219.0470309480246,221.06659985242615,122276
DEMO_B,2024-02-26,220.1340187773865,221.43887546064192,215.471938554788,218.01723649811058,103934
DEMO_B,2024-02-27,218.4502622247175,220.3842863811426,211.17193617815707,213.43335504356756,104098
DEMO_B,2024-02-28,214.4152831516323,218.78939548881246,213.5041725982864,216.60533425412058,116039
DEMO_B,2024-02-29,216.75146326893585,219.59309036277497,214.94871255376054,217.30032820160423,79762
DEMO_B,2024-03-01,216.8971390457257,218.2575814767239,214.17811587737805,215.80111670326835,132269
DEMO_B,2024-03-04,215.4309740672584,220.41136665574592,214.36279485988626,219.31396188104142,93477
DEMO_B,2024-03-05,218.91796920200122,220.78608351118578,216.6369472504913,219.87931567943002,90559
DEMO_B,2024-03-06,220.10699886263833,223.49157902102843,218.93776269155774,221.32944968838322,101660
DEMO_B,2024-03-07,222.6192971705584,224.1834763389056,220.55239289180037,223.58008346226472,84671
DEMO_B,2024-03-08,224.32523721010043,224.514570126465,220.05368659480854,220.9061044575593,134507
DEMO_B,2024-03-11,220.51173466956314,221.63534442507057,219.0956539573865,219.79388740483864,105115
DEMO_B,2024-03-12,220.56998376689188,221.47824314304262,218.5258719102363,221.11445900548318,76602
DEMO_B,2024-03-13,220.2929380125821,222.6397935679945,218.83006993820877,220.5609467931087,118562
DEMO_B,2024-03-14,220.57872692277869,224.5232609644509,218.5798878853691,221.90015415217263,102603
DEMO_B,2024-03-15,223.72443356375027,225.2637703347098,219.8999122374714,221.91677551199297,122905
DEMO_B,2024-03-18,222.78918404194047,227.3733666984544,222.70517898054146,224.9518265175235,107166
DEMO_B,2024-03-19,225.0345534349847,228.47358994341116,222.51730883483395,227.14077866426578,135426
DEMO_B,2024-03-20,224.83713843419505,227.20634381989186,222.66622392495682,223.7532307644265,127293
DEMO_B,2024-03-21,223.28624748647812,227.57285208575604,220.64181084434586,227.21392077128127,116535
DEMO_B,2024-03-22,226.16039391166146,226.2864516336314,222.97101109829697,225.45672111854535,76606
DEMO_B,2024-03-25,225.90982563115068,228.51954544168504,223.3282166195668,227.453436759029,107575
DEMO_B,2024-03-26,228.1080642410463,229.60719132834558,225.18046421550443,226.90914536027913,104985
DEMO_B,2024-03-27,228.49814845721767,232.41847601212473,227.04435113958164,231.7697610758772,133311
DEMO_B,2024-03-28,231.5748163635854,233.4655042756884,230.12313558014682,232.09975037482798,121521
DEMO_B,2024-03-29,232.17219382395058,240.67323160208304,231.22180796531785,237.88819686511658,141196
DEMO_B,2024-04-01,239.18131721641078,244.59859748731276,238.44106344257318,242.5893234406699,131179
DEMO_B,2024-04-02,243.63470414152914,245.57503351508169,240.96226434711502,243.4613888192761,119558
DEMO_B,2024-04-03,244.16959904768834,245.90916101481216,242.16199470834545,245.32417585952922,74949
DEMO_B,2024-04-04,245.94136532627815,248.88626844859107,245.306415251014,247.4591447892853,119593
DEMO_B,2024-04-05,245.6709129337789,247.8575668076146,243.08322007110377,243.4559233429141,79611
DEMO_B,2024-04-08,242.87507414816181,247.67628464535255,242.6316340866456,246.38880734882113,102302
DEMO_B,2024-04-09,246.1084443570858,248.66697756882186,242.8479710294068,245.77457702365493,68360
DEMO_B,2024-04-10,245.66489801577382,250.3476655383845,243.12024994427634,247.97502023515557,111165
DEMO_B,2024-04-11,249.9885910241387,253.23129229535587,247.0784745334819,250.66646981219392,119049
DEMO_B,2024-04-12,250.49053366386386,251.6859739976061,249.99643483488637,251.3053720072421,131549
DEMO_B,2024-04-15,251.43827638991894,256.2520891605184,248.63921660552748,253.64877532263472,110783
DEMO_B,2024-04-16,253.53430383618624,253.93516796092973,249.75755880647247,252.30988788456654,73545
DEMO_B,2024-04-17,251.62553502218267,255.06718790839503,251.24154145100505,253.98151970502212,107278
DEMO_B,2024-04-18,253.59069601766296,254.43164362556814,249.80804963007066,250.7931151351206,88790
DEMO_B,2024-04-19,249.55731491518938,250.76663562592387,243.8449606948867,246.79526048066057,138452
DEMO_B,2024-04-22,247.62485107395443,254.655688395977,245.0227363279818,252.11590025787578,90897
DEMO_B,2024-04-23,251.79221051748013,255.50786623803046,251.39357537997384,254.4726478023077,96352
DEMO_B,2024-04-24,254.52777296921542,255.72844771512092,251.17134573712195,253.96175016557376,116226
DEMO_B,2024-04-25,254.24761702244228,257.16118148504563,251.62775581272194,256.12776855060565,106422
DEMO_B,2024-04-26,256.475026866915,260.1217462439875,255.63627854056088,259.778267187383,134156
DEMO_B,2024-04-29,259.0232446804222,261.26968217106946,258.12315912659,260.72596921444443,78605
DEMO_B,2024-04-30,261.3412572203479,262.46392043707135,255.2183973726671,258.20557270753324,103661
DEMO_B,2024-05-01,256.9268513818999,259.2642425324263,252.31949308581736,254.69255073462998,116258
DEMO_B,2024-05-02,254.6017160135578,255.89181036934653,248.49235285770706,251.13867124866442,123600
DEMO_B,2024-05-03,251.64789936319752,252.02031835686486,246.60999737394212,248.65373346131045,118574
DEMO_B,2024-05-06,248.69845642771293,249.54701368123142,245.3032304470733,245.6837963598548,119378
DEMO_B,2024-05-07,245.9713550616919,248.43164611098328,243.27901816279953,247.0341829115142,100488
DEMO_B,2024-05-08,247.42274756718754,250.58748280255438,245.1522308755441,247.7921709088703,119271
DEMO_B,2024-05-09,247.67024859493665,250.6554643584766,246.8125326600374,249.5323078067194,97003
DEMO_B,2024-05-10,247.7187509140104,248.0815728665751,245.23979474409046,247.7089773152964,101197
DEMO_B,2024-05-13,247.74496358131097,248.02256186023618,244.78246784593227,245.6201136576147,114411
DEMO_B,2024-05-14,245.51143509145123,250.80046375853414,245.03431515565146,249.97457172496695,92982
DEMO_B,2024-05-15,250.88767046883527,251.23633264871648,247.7709487750785,248.01964362339712,95353
DEMO_B,2024-05-16,246.75915704070002,254.9474952514654,244.63943318606906,253.2571617220809,156916
DEMO_B,2024-05-17,255.16725222209814,256.7948353292393,253.87761168953895,256.44335464377815,95744
DEMO_B,2024-05-20,255.7724228064069,257.91786457897217,254.67975520815236,257.0399913858612,93647
DEMO_B,2024-05-21,255.40527515548573,256.95487613260667,254.14984624859048,255.3272234329128,89123
DEMO_B,2024-05-22,257.8062644098763,260.8888429748969,249.44738744269813,251.87316048373714,136045
DEMO_B,2024-05-23,249.941163258256,251.07334193233015,247.58140593969011,247.6212194527892,116224
DEMO_B,2024-05-24,247.1717620569449,249.61865947447663,240.47502166078712,242.0528378069026,92872
DEMO_B,2024-05-27,242.70716213573755,244.63168633005864,235.79016064899852,237.98887859717877,90300
DEMO_B,2024-05-28,238.53149723175798,240.54685048377948,233.28912586575572,235.8755243613644,122054
DEMO_B,2024-05-29,235.25839979870665,239.53121023812992,234.95236169558223,237.4859287484052,138507
DEMO_B,2024-05-30,237.1667049877836,239.52241894800756,234.68525137443208,237.69884767762383,110221
DEMO_B,2024-05-31,238.28725968859897,238.30126908186622,234.496201023374,235.35407435239452,95365
DEMO_B,2024-06-03,236.6189857774373,237.62423905479693,232.51649676303705,233.24622157844232,87940
DEMO_B,2024-06-04,233.27962363225492,235.34988016500722,225.7538302845082,227.521058686007,102845
DEMO_B,2024-06-05,227.20843433291,229.3723427490133,223.04336482198474,223.46510414088345,112564
DEMO_B,2024-06-06,223.4095462175061,225.01077102537621,217.75335974459273,220.29309606788007,98985
DEMO_B,2024-06-07,218.35750581508336,221.3602848607088,217.60971482907107,219.83634218573508,96972
DEMO_B,2024-06-10,219.7155824005628,222.4378045464343,218.6908715911657,219.87005127802865,108544
DEMO_B,2024-06-11,220.3273233951808,221.22071102579872,217.2253518009088,217.23390674922086,133904
DEMO_B,2024-06-12,217.62596056511484,218.40537514279634,212.0213217891247,213.1329817752183,131319
DEMO_B,2024-06-13,213.15198379505438,213.87970083710454,208.18218966934242,208.48422823765446,153281
DEMO_B,2024-06-14,208.3050387858387,210.81648092208277,207.0119641172865,208.58927077666544,80016
DEMO_B,2024-06-17,208.79700633341287,209.1379966115939,208.00436080096037,208.85680629926935,101900
DEMO_B,2024-06-18,208.76066636245463,212.5924568188919,206.88875969344832,210.3659024598234,84071
DEMO_B,2024-06-19,211.12768374881236,213.17661315379536,210.02067259343715,210.72526730780405,92532
DEMO_B,2024-06-20,211.00623813208406,214.25345867478433,209.78030498624116,212.94591046723568,84413
DEMO_B,2024-06-21,213.50732137669812,215.73798395599846,210.0340100288923,211.16142887128885,110858
DEMO_B,2024-06-24,210.24676339889436,211.3869808660897,206.00890284062947,206.83016893869245,109544
DEMO_B,2024-06-25,206.68968078978463,207.13121724149704,205.3147411351238,206.36670343510636,128705
DEMO_B,2024-06-26,205.58319092538346,207.87853359656643,203.4253551001606,206.38766854964783,78318
DEMO_B,2024-06-27,207.00527426322074,207.3636980859675,205.44943264848482,206.51355550028015,75718
DEMO_B,2024-06-28,206.9835084954575,211.06729194910005,205.7243944338658,209.12228524602392,80863
DEMO_B,2024-07-01,209.07028122647557,209.19880248719974,205.52412142659168,206.39043245412913,117699
DEMO_B,2024-07-02,207.29571957470236,209.9550464380704,206.41921583730533,208.28736636209237,89566
DEMO_B,2024-07-03,207.76787603880805,209.0524349484859,205.79469595459878,206.0340079551743,121464
DEMO_B,2024-07-04,206.38368203369723,207.34463956396993,204.10887400328886,205.41802877629232,73390
DEMO_B,2024-07-05,205.30636248615872,205.60654352348436,201.46163964944975,202.66769952846008,95286
DEMO_B,2024-07-08,203.05703757807515,205.09902475125566,200.68284780991934,204.46527901460448,101445
DEMO_B,2024-07-09,205.73496384009815,210.25968560487635,203.3043578868691,209.69680346391706,144257
DEMO_B,2024-07-10,210.41996372945118,214.60565144948427,208.8330813825422,213.10253659658179,141296
DEMO_B,2024-07-11,213.7711823989394,218.92427076833476,212.10632442795938,218.83442379691363,102244
DEMO_B,2024-07-12,220.36357330367247,221.16545725748867,215.00847764074808,216.11339595732002,87345
DEMO_B,2024-07-15,213.50337274438928,214.22099818640527,211.72550737635348,212.56121769202088,77798
DEMO_B,2024-07-16,212.64390649385817,215.61659409693485,210.8847461466259,213.9079518984859,113689
DEMO_B,2024-07-17,215.81202445528004,216.79486869605228,214.11654532908958,216.51085429295682,115552
DEMO_B,2024-07-18,217.50207011989872,220.5413141223724,214.96654181371846,219.33881299494664,112153
DEMO_B,2024-07-19,219.85786227938289,225.1073157569991,218.29094009878932,223.75463849059744,107326
DEMO_B,2024-07-22,222.76674789867684,225.42238793763124,220.42452929810156,221.88521250505656,129152
DEMO_B,2024-07-23,223.1076685596171,224.25075621635767,220.46710423906805,221.17953048266838,129592
DEMO_B,2024-07-24,220.92396121098685,222.78300413079762,219.0888856840225,219.52676343468775,80677
DEMO_B,2024-07-25,219.08402887188277,225.7282125258,218.29218716074038,225.29465591308906,116395
DEMO_B,2024-07-26,226.323179274159,234.05847062271874,226.2719540173673,231.77260942152506,125098
DEMO_B,2024-07-29,231.96784069609936,232.13854460453751,229.06426406748264,230.443233901975,128087
DEMO_B,2024-07-30,229.46562899420925,232.2543852861776,227.72996200487248,230.37018604554052,79032
DEMO_B,2024-07-31,230.81599295508443,235.04029301428307,230.53546216684526,234.70316501089275,90077
DEMO_B,2024-08-01,234.20958516763912,237.67532123282524,233.9233095522989,235.13540730280266,114324
DEMO_B,2024-08-02,235.57670547569708,241.15913718025408,235.42781688374575,239.67304811153483,125931
DEMO_B,2024-08-05,239.48503366832057,245.07210412171435,238.25740119922148,243.57591543077297,114849
DEMO_B,2024-08-06,242.8372495939612,249.20413927612483,241.77401649857092,247.11029753362018,134533
DEMO_B,2024-08-07,245.41340725010522,246.22662499493606,241.81648850392102,241.95377898522852,139336
DEMO_B,2024-08-08,244.06067476664003,248.75418530824254,241.88145542828264,246.79866272119517,105654
DEMO_B,2024-08-09,248.23300818739088,249.23140963520285,245.71301239977748,249.1280524081797,111006
DEMO_B,2024-08-12,249.64394030708922,256.2793645593649,247.3918894717766,254.25666089445372,89014
DEMO_B,2024-08-13,254.30847020167968,259.14677791415426,253.7509696238473,256.4186276956841,89202
DEMO_B,2024-08-14,256.1285586715629,258.2767596191743,251.2093358882744,254.17381188359755,97514
DEMO_B,2024-08-15,252.6788741737803,256.45627634115857,250.75538610404888,254.11215073114064,127823
DEMO_B,2024-08-16,254.84968491363912,257.612043013757,250.1064294758172,251.61876557640588,79359
DEMO_B,2024-08-19,251.75845424675762,254.16641190251644,248.99570618277582,251.06122734980428,78975
DEMO_B,2024-08-20,251.9449116880541,258.35895984878215,250.03960353044909,255.30548269627545,135523
DEMO_B,2024-08-21,255.01280069626725,260.4862373634805,252.0197439764336,260.38904325002494,145760
DEMO_B,2024-08-22,260.00754080778006,264.5821052077243,258.68365032297424,261.5425002679986,99686
DEMO_B,2024-08-23,260.29131531935036,260.91592155908205,255.12787632938674,257.35128974089235,103357
DEMO_B,2024-08-26,256.48785174537596,258.8887395031173,254.9400045676465,255.11600276369174,77349
DEMO_B,2024-08-27,255.3438925554754,258.29886940141387,249.68324189356542,252.0257462393147,98737
DEMO_B,2024-08-28,250.77004949392028,256.9634579991469,248.24250853289792,255.8368155039571,146878
DEMO_B,2024-08-29,256.63221524577074,258.2696063262676,254.52507540107138,256.3979006412043,97079
DEMO_B,2024-08-30,254.82381350204673,254.9091531368072,249.8063008337938,252.49101910832562,126552
DEMO_B,2024-09-02,251.8364961216031,257.0770751091675,248.82221512069955,255.6748861354338,129718
DEMO_B,2024-09-03,256.70688923508754,262.9564017708534,253.85218529475114,262.2817139341422,135572
DEMO_B,2024-09-04,263.99296899490554,264.99541172615903,255.338754035639,258.32770424347757,136980
DEMO_B,2024-09-05,255.1397108575868,256.80322131387203,252.384929027395,256.5179739176271,100316
DEMO_B,2024-09-06,257.21067070941916,257.79445793037746,249.7972128172884,250.39397910903165,99506
DEMO_B,2024-09-09,253.10622140394418,255.68023697941092,250.90383220098144,251.6207346003528,100919
DEMO_B,2024-09-10,250.44299387760609,252.23850227726598,242.0458960898519,244.8335495786736,152877
DEMO_B,2024-09-11,244.84112923506382,247.3383177209318,241.18382227481783,241.9383284474895,141856
DEMO_B,2024-09-12,241.04353502389924,242.97320945872332,239.75636090106434,242.13448992912953,121141
DEMO_B,2024-09-13,242.32096263029317,243.2916465791187,238.92410193908185,239.9401606681992,79838
DEMO_B,2024-09-16,239.1789532681758,239.36365875260648,236.03086043989498,236.27775297049004,92492
DEMO_B,2024-09-17,236.7454437119158,237.94800228281554,234.6770345412837,236.69040581517643,95968
DEMO_B,2024-09-18,237.79227810415293,239.28632328596575,237.11691862264877,238.33615851828833,129196
DEMO_B,2024-09-19,237.41636097186398,237.55425524623558,233.8188376982741,236.40637221435665,128279
DEMO_B,2024-09-20,236.09667415150216,240.3736291265753,235.24271270359668,239.694111812492,125948
DEMO_B,2024-09-23,238.72173192272803,240.9595075945311,236.49595985238474,238.24184467617525,95673
DEMO_B,2024-09-24,240.92202035522754,242.8742053397475,238.00077461870168,238.58292151312008,95308
DEMO_B,2024-09-25,237.64278093264082,242.1966711180971,236.20861976640347,240.0652743682488,76406
DEMO_B,2024-09-26,241.0615296074113,241.95746709661034,234.40246607756708,234.666080820092,103495
DEMO_B,2024-09-27,232.6075531813774,234.70831069051385,227.89190038813254,230.48524037421302,122029
DEMO_B,2024-09-30,229.60274514072614,230.55436528094737,227.80105834315648,229.52515698103915,120211
DEMO_B,2024-10-01,229.8866472317505,231.9768558529423,228.4765231868685,228.8808441769175,132750
DEMO_B,2024-10-02,229.22591277166507,230.6876525079097,227.88236194850737,228.0012648451589,125603
DEMO_B,2024-10-03,229.26323869856284,229.97570513224065,227.02568395584083,228.56920243803816,68297
DEMO_B,2024-10-04,228.99842749935195,231.70211115325395,228.1134682065373,228.3342946396219,113199
DEMO_B,2024-10-07,229.0731255919298,230.06948108755046,227.68348954342082,228.68618972275914,102743
DEMO_B,2024-10-08,228.07511006285822,228.63407707155608,223.61648709753183,223.74198080316944,147115
DEMO_B,2024-10-09,224.2402704924051,226.41497625510237,222.85744675107168,224.11397479574597,105596
DEMO_B,2024-10-10,225.00008850602904,226.5367488727181,220.31887523877842,222.3223289682207,122995
DEMO_B,2024-10-11,221.61789173172116,222.39163928335418,217.6164325434541,217.75798108017506,131780
DEMO_B,2024-10-14,217.38311895740998,219.17496689048423,210.00493289614568,212.4636183833853,95089
DEMO_B,2024-10-15,212.39534959855118,213.79373317635864,209.30585976007342,211.13598181020828,76175
DEMO_B,2024-10-16,212.35009759676166,214.8067858096817,211.82258168164356,212.4942878275426,123131
DEMO_B,2024-10-17,211.75176902360337,214.28782037675435,209.1637019165377,210.8395271671276,97912
DEMO_B,2024-10-18,210.28223199029892,214.57227539695776,208.75703904217795,212.03837570310424,98923
DEMO_B,2024-10-21,211.91492372944464,213.3350278448933,211.01197872476143,212.24070983205516,84677
DEMO_B,2024-10-22,211.457923803377,211.7658859548393,205.78108741800835,207.51460785802772,100917
DEMO_B,2024-10-23,207.640596695757,212.98594189770554,206.64697098079645,212.3558799250292,111014
DEMO_B,2024-10-24,212.3297754322009,215.8184461672339,211.7965245419559,213.59067338180512,98361
DEMO_B,2024-10-25,214.1746984027629,214.8556752734078,211.25237692161258,212.41724810019642,126910
DEMO_B,2024-10-28,210.65393496677817,212.25097889600636,208.75682184350987,209.36962148300753,129036
DEMO_B,2024-10-29,210.78884246159978,215.6161368290288,209.6334179459684,213.13094130027227,130264
DEMO_B,2024-10-30,213.4028412968548,214.4318359575868,210.66581396320137,212.8864754850405,93245
DEMO_B,2024-10-31,214.3097918979767,221.73920521174088,213.93551146088177,219.7701650204237,124092
DEMO_B,2024-11-01,219.73773119856233,223.42017593854928,219.44433593585933,222.48956432167589,97955
DEMO_B,2024-11-04,223.91640843119708,225.46834296163664,220.17938752068108,221.48130488345186,111452
DEMO_B,2024-11-05,220.61948455011628,224.07419805105724,219.20294855218867,222.4421082745076,75244
DEMO_B,2024-11-06,223.17227109699513,228.44375646867857,222.53659745903846,226.5245484678376,121085
DEMO_B,2024-11-07,227.5277965199161,229.4132680646308,226.42166822448286,229.2106224742978,78797
DEMO_B,2024-11-08,228.73238932691092,231.67165866735297,226.47507587513567,231.36141815426376,86742
DEMO_B,2024-11-11,231.41999048202166,237.8986996277367,229.89087454553385,236.355080641271,109975
DEMO_B,2024-11-12,235.63601910644346,236.112993335159,230.2936581358925,232.36507775867156,139796
DEMO_B,2024-11-13,233.0764423845976,234.83261789251915,230.589849045098,233.87993869838724,107822
DEMO_B,2024-11-14,233.55204343049712,237.3690664563055,233.18652738468037,234.6501242155867,85865
DEMO_B,2024-11-15,234.59065074162768,238.97829863593245,232.11764553013222,236.76102381248683,89302
DEMO_B,2024-11-18,236.42696981599858,244.83857770135688,234.8907386318432,241.935597669516,137538
DEMO_B,2024-11-19,242.39441952806223,244.96040457636133,241.54778752577354,244.46109801943737,82743
DEMO_B,2024-11-20,243.90093691000337,244.00873644011455,242.1084420403568,243.79405083772318,101353
DEMO_B,2024-11-21,244.68826111625705,248.36754451772862,243.39858849170957,247.03912379788179,135999
DEMO_B,2024-11-22,247.15779715541402,248.84135921088574,244.64620695157194,248.28038860214102,79138
DEMO_B,2024-11-25,249.50854579498986,253.33531736724123,247.54614398762487,251.82084145822998,85776
DEMO_B,2024-11-26,251.81842139953014,253.3931421275588,249.60693725194207,251.5125159904527,96662
DEMO_B,2024-11-27,253.78080321196097,256.549057836834,253.05841482649762,256.2238792876257,86008
DEMO_B,2024-11-28,255.36111117526087,256.5179953286965,254.37582416137604,256.32259666793175,96188
DEMO_B,2024-11-29,255.8099424954695,256.5434630829497,252.2447393716527,253.87504214550515,93627
DEMO_B,2024-12-02,253.55941019350658,258.13166109455716,253.33662338378136,255.81223829063146,100997
DEMO_B,2024-12-03,254.39810601828552,260.37123186266234,253.80514315786823,260.05335886306847,147277
DEMO_B,2024-12-04,259.4087115668735,264.54696595788084,256.4494693666142,261.42261099552115,90679
DEMO_B,2024-12-05,261.8717736027933,265.557346386776,261.64464597014904,264.9279294117118,83592
DEMO_B,2024-12-06,265.9000043931173,269.4360069940034,263.06767423120533,266.91893941490883,97848
DEMO_B,2024-12-09,267.6449178316908,268.51759012773664,257.86997692850457,260.5687593888175,111943
DEMO_B,2024-12-10,259.923182956482,261.0901968728431,259.72358441568184,259.82718196834577,93720
DEMO_B,2024-12-11,258.3357485934549,259.5675805294855,257.43892996988137,258.25324973763423,100833
DEMO_B,2024-12-12,258.02391284757323,259.81557266603596,256.7994471634602,256.9975203545559,79128
DEMO_B,2024-12-13,257.3647295238152,262.3062549866762,255.99678090981917,262.05340999288643,136087
DEMO_B,2024-12-16,262.2355637657058,272.7307934781017,259.3982819423664,269.7912396127048,121523
DEMO_B,2024-12-17,270.5678948800795,277.42557322306277,267.47471296591016,275.9276893776007,101791
DEMO_B,2024-12-18,276.6839107412198,276.8559012222164,274.3823291049613,276.09497092637474,90118
DEMO_B,2024-12-19,276.3326943571748,278.90693239428293,273.78563709578265,277.0072476541616,114904
DEMO_B,2024-12-20,279.37379458571763,281.2291604960362,278.5404088476291,279.3029560213173,99916
DEMO_B,2024-12-23,279.9928870757204,280.14462925450516,277.1826729096654,278.39485739514396,130691
DEMO_B,2024-12-24,278.7801463361686,279.9289385276263,273.73080674746984,275.7671881316246,111224
DEMO_B,2024-12-25,275.8387133506015,280.5704707069493,275.2006421788735,278.1317095688405,119079
DEMO_B,2024-12-26,276.9520212055383,278.9683236746644,276.50548130112014,276.5859400274044,67766
DEMO_B,2024-12-27,275.64624907365396,279.4888201004013,275.02232005497956,277.13165185403733,79616
DEMO_B,2024-12-30,276.60197416318107,281.8818958502554,276.4004053009424,278.5652128663395,74543
DEMO_B,2024-12-31,277.14915167558496,277.5617078715886,271.18480688652994,272.9621097015983,107609
DEMO_B,2025-01-01,273.3159772284101,275.82115362395774,265.03498557419215,267.2961009793054,127964
DEMO_B,2025-01-02,266.34076863421024,267.64892459974516,259.5046307242495,261.29745909856587,132180
DEMO_B,2025-01-03,262.2875183310235,265.28060276917745,254.73762556120536,255.0152863333415,110543
DEMO_B,2025-01-06,253.9135068415598,256.9438188716551,252.21944461897726,254.1388237218912,99257
DEMO_B,2025-01-07,254.42166832123394,255.59308085128018,251.9622666009992,255.00185634743184,90867
DEMO_B,2025-01-08,255.05277021856267,257.07216253636636,253.3112316784689,254.81335949284068,116836
DEMO_B,2025-01-09,254.74512164797912,258.4044382641957,253.98646600489616,256.5427674745705,91036
DEMO_B,2025-01-10,256.7524605103238,263.20364556019194,255.25441056521407,261.1560324303475,93192
DEMO_B,2025-01-13,259.8547630563064,262.71611302170624,256.62099667319876,257.33863290484516,127539
DEMO_B,2025-01-14,257.79512374075523,259.47580824568803,256.6509211635682,259.0054207589438,74632
DEMO_B,2025-01-15,257.48897623130335,258.40119483966185,256.8795191075255,257.73364985504634,91016
DEMO_B,2025-01-16,258.15641859126515,260.8638230133524,255.71918953221015,259.7874071155799,102090
DEMO_B,2025-01-17,258.03409448363703,258.1969914473786,249.58856344766195,250.0186802876925,110852
DEMO_B,2025-01-20,250.07402445108585,251.35412520606582,247.2424300840032,250.94850436356919,114037
DEMO_B,2025-01-21,252.22384044456393,253.6388646461339,250.27345713655862,251.2445885867224,85206
DEMO_B,2025-01-22,251.82122734090387,254.33035448641098,247.8525114495951,248.0051216816463,136432
DEMO_B,2025-01-23,247.793346693606,249.87000731038103,242.43757040480017,244.85414397231546,112275
DEMO_B,2025-01-24,244.2480135240813,245.82260307188662,242.22441117725546,245.71225439562681,92210
DEMO_B,2025-01-27,245.44745939752653,246.60390864102493,245.1762540171146,246.5208782980893,88401
DEMO_B,2025-01-28,245.92238193386504,247.71163468645122,244.06110673882372,246.5030387784699,104851
DEMO_B,2025-01-29,248.34070673046293,250.39690793397997,247.87368384214642,248.80936167204308,87643
DEMO_B,2025-01-30,248.97262056559578,249.1243355095916,242.92705713847295,243.9980515130144,130948
DEMO_B,2025-01-31,244.72231904591254,245.6250264016811,240.92033638728503,242.16342158721523,100667
DEMO_B,2025-02-03,242.10478056184982,243.90075628704838,240.36569820663166,243.38423027759492,83493
DEMO_B,2025-02-04,243.84904406073898,245.00491659435355,237.46801471249574,239.1183865417996,89220
DEMO_B,2025-02-05,239.0079848959776,243.9618918286108,237.7427826694459,242.01423148136482,119878
DEMO_B,2025-02-06,243.32807168734413,246.82494488129814,241.71452954071026,244.39727844352066,83450
DEMO_B,2025-02-07,244.28217595580819,249.5983399902566,241.38833078583076,247.66593239968907,107117
DEMO_B,2025-02-10,247.99937265423137,249.27701224380476,244.8060012345727,246.45912515272997,134305
DEMO_B,2025-02-11,246.69644640765054,247.96037864333675,244.13225827111035,245.58466625739203,75098
DEMO_B,2025-02-12,243.08437535823634,245.65368734657395,241.7005058812659,241.88624389408963,87535
DEMO_B,2025-02-13,242.77304821161755,244.32544554013754,238.41140000641232,239.7516811785822,113772
DEMO_B,2025-02-14,240.21592593415153,241.79595152225383,234.9813378400942,235.21363683159456,141791
DEMO_B,2025-02-17,234.84854882266697,235.6545379563132,229.50093409348796,231.83256362381925,105584
DEMO_B,2025-02-18,230.75145283643784,232.50451251365615,230.17342069951314,231.41508813776153,110836
DEMO_B,2025-02-19,230.74054734651472,232.81164447028544,224.5892387820912,226.99644839485998,121883
DEMO_B,2025-02-20,228.39089251912176,229.70977210912238,226.76488112834997,228.8887956992446,90764
DEMO_B,2025-02-21,229.31804468201648,230.5836376447274,226.52623326326724,229.17975984238754,120342
DEMO_B,2025-02-24,228.8480280584667,229.307064643649,224.9635709859415,226.5863862979916,104791
DEMO_B,2025-02-25,225.71627291954127,227.39158165794558,224.77241920859268,227.15851174333912,124116
DEMO_B,2025-02-26,226.19498323107197,227.61303771715464,225.12490364977256,226.5010156840306,80956
DEMO_B,2025-02-27,225.31190745056873,226.95525053536014,222.77290703075866,224.259444626001,81132
DEMO_B,2025-02-28,223.99178892254932,232.88165642315616,221.7392661287613,230.2954162806268,109721
DEMO_B,2025-03-03,230.15086579738613,234.91654678985037,228.04315669100785,234.69808664429985,131512
DEMO_B,2025-03-04,232.9512424862989,236.36101820903244,231.46748763560575,234.772394815295,106001
DEMO_B,2025-03-05,235.32980569115924,241.79340477742014,234.96333699326533,239.88538197555283,140520
DEMO_B,2025-03-06,240.04905525836458,244.29691423338718,237.64146352368664,241.7593815054365,121415
DEMO_B,2025-03-07,243.07685378931365,247.49113538502758,240.18058121473007,244.66986840066392,111497
DEMO_B,2025-03-10,245.4125405555646,248.06867322250233,243.79529597218018,247.44021280183077,92047
DEMO_B,2025-03-11,247.1538620111336,253.79239500135336,245.17019612286435,251.46995442611868,90492
DEMO_B,2025-03-12,251.79857409117525,254.11607328799414,249.61446321302077,252.53571081863845,126677
DEMO_B,2025-03-13,252.3347229999304,260.36762298547745,252.08231694973315,257.78326413959644,145058
DEMO_B,2025-03-14,257.496829273109,258.8730093323682,254.60652635062357,256.8596152918273,122177
DEMO_B,2025-03-17,256.6422198184059,256.847008302327,254.02605923794587,256.04949669039036,112796
DEMO_B,2025-03-18,256.6809471697207,259.5925276342043,254.60963846068398,258.7889179079781,120386
DEMO_B,2025-03-19,258.9508932880088,266.8507597211902,258.32113540946403,265.64397258392785,110432
DEMO_B,2025-03-20,264.82503557795815,265.63715770272455,260.13060169844647,262.2229432044908,129860
DEMO_B,2025-03-21,261.86841489297683,264.73661005940664,260.43007866131416,263.79747177860554,129955
DEMO_B,2025-03-24,262.6976880864059,267.81993397319656,262.47550846074137,265.31765451543686,87769
DEMO_B,2025-03-25,267.47976434065527,269.8053117615544,265.133493444499,265.8647133416064,125483
DEMO_B,2025-03-26,265.98216773112404,270.1756215868754,265.1367544994868,267.91758200243373,105536
DEMO_B,2025-03-27,268.13952626016237,270.5103374577021,265.00887474025205,268.9513554832828,115431
DEMO_B,2025-03-28,269.32074158551234,272.22826721003713,266.79445732097565,271.4046335252712,114001
DEMO_B,2025-03-31,269.74009846677814,270.9315696708571,268.4412983539962,268.94618817947276,120609
DEMO_B,2025-04-01,269.2091137944216,275.99809924930105,267.29221720882714,273.36269185428336,95173
DEMO_B,2025-04-02,272.5455442638325,274.7675468582494,269.4103046718023,274.27135127034245,108875
DEMO_B,2025-04-03,274.532018495994,279.0709069351662,272.8995535900423,275.83868766344324,111214
DEMO_B,2025-04-04,274.9000387211468,275.56697996665946,268.1218263236869,270.5150525272033,134200
DEMO_B,2025-04-07,272.73183398909663,273.3354420598491,264.72028350407584,265.0399972970453,132482
DEMO_B,2025-04-08,264.3107778746905,266.94986523632093,261.1724003163944,262.7038782679627,118420
DEMO_B,2025-04-09,264.72397573732354,267.620735810007,261.8673980125105,263.08359744023437,102692
DEMO_B,2025-04-10,263.2341630205867,266.17418897885614,263.1104478091747,266.01941488872893,113724
DEMO_B,2025-04-11,266.3088091661253,274.3952716604938,265.87095014244676,271.8202903719557,141268
DEMO_B,2025-04-14,272.2174539244143,274.9538937349335,270.45362449485253,271.6827473181153,99360
DEMO_B,2025-04-15,271.4228833467624,273.626847720291,269.5833824857777,272.6429883909774,99539
DEMO_B,2025-04-16,273.8327651424152,274.7882267916368,270.4745981733036,273.20506106189816,85414
DEMO_B,2025-04-17,273.7168908130858,276.2577228862126,270.92150892912593,275.60571770606396,120923
DEMO_B,2025-04-18,276.7243720001092,278.4820730445888,274.1545861321972,276.32204038305287,116674
DEMO_B,2025-04-21,275.37997075519684,276.37425310154197,275.1221425614229,275.81872622339347,112328
DEMO_B,2025-04-22,275.91938438424063,278.0346275326695,272.65711689211895,276.47537419168265,130095
DEMO_B,2025-04-23,276.8639467390904,277.99715857193416,273.7188118479114,276.467296885196,99041
DEMO_B,2025-04-24,276.3124125635063,286.11276005136017,275.3405354124681,284.14456439679884,107141
DEMO_B,2025-04-25,285.14234909413824,287.156376306378,283.20662637525845,284.5884321951887,77553
DEMO_B,2025-04-28,284.7691633160877,289.7240129764026,283.8131926783329,286.45595898960346,95153
DEMO_B,2025-04-29,287.04426641866917,290.67461927270125,286.7507116931732,288.32334777299246,117181
DEMO_B,2025-04-30,289.0822604171616,292.33575385190517,283.02481398823045,285.91397173072323,113572
DEMO_B,2025-05-01,286.2147148744398,291.5055281010892,283.7531322122671,288.39605068080783,123404
DEMO_B,2025-05-02,288.44030073353184,288.50370313294405,284.36178054589533,285.5080845241537,90520
DEMO_B,2025-05-05,288.0855842895426,288.4761093596836,285.100457351111,286.0344839654602,129565
DEMO_B,2025-05-06,287.2721661146638,289.11795609712476,283.0468832592867,285.3875708263923,90075
DEMO_B,2025-05-07,285.29236356540207,286.2067405015577,280.8148169591887,282.0707675476556,100764
DEMO_B,2025-05-08,281.31943180059426,284.4559509445905,279.48910173415067,284.4012456316619,120157
DEMO_B,2025-05-09,284.7293494951758,285.3945807752616,280.193796948661,280.8694122323182,92952
DEMO_B,2025-05-12,279.8800790902359,284.1473900813441,279.8687963301318,281.17203141858175,72505
DEMO_B,2025-05-13,281.607033408473,285.4491576558298,280.35360422070124,284.3978643840585,105917
DEMO_B,2025-05-14,282.90823069553227,289.38194112113104,282.22703964739736,288.06302933541446,113868
DEMO_B,2025-05-15,288.12633432641775,289.6244845935488,282.07191232112996,282.23643101932646,91905
DEMO_B,2025-05-16,280.44644878050457,286.99377708650445,277.9057184621842,286.5821823459145,152638
DEMO_B,2025-05-19,284.6913272552545,286.9023949580344,278.3004917125282,280.93681994074353,94786
DEMO_B,2025-05-20,281.7001810999957,284.0406657850692,277.925492327031,278.79367608305927,111445
DEMO_B,2025-05-21,277.8019537204311,280.2422047800464,272.83864718848344,275.67834291757646,110673
DEMO_B,2025-05-22,275.00277132988214,275.73677916050826,273.00321927766186,273.5505923513045,130307
DEMO_B,2025-05-23,272.89471740770796,274.9723490996288,271.7914676766601,272.93995879250156,71701
DEMO_B,2025-05-26,273.1516780011181,278.30516454709544,271.9990348437414,278.04052649364496,103876
DEMO_B,2025-05-27,278.6227412398137,279.50195182237826,274.4733558484349,275.07186786741687,126037
DEMO_B,2025-05-28,274.83671646631785,275.94496104979555,269.4608716577471,271.3860942603597,134360
DEMO_B,2025-05-29,271.14953646398766,272.85361455368667,267.63014545810216,269.9375503193378,128410
DEMO_B,2025-05-30,270.4742681563225,272.478737162274,267.7929279066156,267.89991008003534,97692
DEMO_B,2025-06-02,266.9119321579929,267.94602709365216,261.62568118625785,264.7485594300456,82519
DEMO_B,2025-06-03,263.8892655183741,265.4623050765402,254.664522689434,256.9499670772067,134305
DEMO_B,2025-06-04,256.1091766665848,261.21780360270543,255.45242807108613,260.9495631236281,125090
DEMO_B,2025-06-05,260.9595420058477,262.69653318162693,253.41894553528485,254.65258163523555,119688
DEMO_B,2025-06-06,254.30916842706873,259.04450258637246,253.8023494412888,256.0732478332407,112707
DEMO_B,2025-06-09,255.6014172250254,256.242914553883,252.48328604044036,254.34956916062637,81783
DEMO_B,2025-06-10,252.94470806296476,253.6111451271815,250.36109942889354,253.34613498900785,107069
DEMO_B,2025-06-11,253.48063098925152,256.9026005246135,251.87792688776543,255.41686676309067,117306
DEMO_B,2025-06-12,255.02374873353375,257.21668364536373,254.04168340507397,255.77988381468498,75214
DEMO_B,2025-06-13,255.81066186981937,257.7105512977311,252.85949142012433,254.78760998447308,105200
DEMO_B,2025-06-16,256.08137511179797,256.9948021454487,255.87782671666858,256.0062906702791,72115
DEMO_B,2025-06-17,255.66626760330564,258.2077627299598,254.09504047019252,255.09525841905597,69103
DEMO_B,2025-06-18,254.13015060482127,257.48962466324656,252.41447054534217,254.7436587533277,75718
DEMO_B,2025-06-19,254.2427995099374,255.05049701492723,250.34774720196089,252.90438949068562,88731
DEMO_B,2025-06-20,252.05355026730112,252.50283366435414,250.48077295933166,251.7555356945558,106917
DEMO_B,2025-06-23,252.68895608419834,253.37947680114638,249.71780877283294,252.3759440680131,117982
DEMO_B,2025-06-24,253.2883006004221,254.5606033644312,251.57161110476721,253.40984673053666,92717
DEMO_B,2025-06-25,253.8831814893699,260.45007166330487,253.39094625041747,258.4536569878437,121289
DEMO_B,2025-06-26,258.90435137132664,261.4643204521109,254.374883180322,255.92398264163796,131070
DEMO_B,2025-06-27,254.78771656010008,260.88650382852904,253.98385769834968,258.6650252473824,118682
DEMO_B,2025-06-30,257.1949213097115,260.76470422854544,256.7351812894636,258.3015271235871,89388
DEMO_B,2025-07-01,258.56287947155926,260.19499581967494,258.5569602156586,259.96265357744187,116609
DEMO_B,2025-07-02,260.3790326239933,262.82724801698487,259.8643134489887,260.7112792118732,65626
DEMO_B,2025-07-03,260.57415694785465,262.97943495342184,256.6484274911058,257.9533854067551,78425
DEMO_B,2025-07-04,258.8671591302505,261.36688041365665,258.7470770776529,261.28234053930555,110827
DEMO_B,2025-07-07,262.88195325289837,264.7519261969175,260.07848679737515,262.6742002288446,73847
DEMO_B,2025-07-08,262.29753980224416,263.2938200295678,261.69652261219983,262.81184385297115,82984
DEMO_B,2025-07-09,264.11101835375206,271.8430928223172,262.0275671991835,269.8817766858238,111839
DEMO_B,2025-07-10,270.70866576596814,283.5087945530546,268.6349725858911,280.189099186864,120812
DEMO_B,2025-07-11,280.0700150328861,289.6321162749365,278.74103691373057,286.6620141788536,149511
DEMO_B,2025-07-14,286.6705565261787,295.0383408924706,285.3593678125685,292.76798036837994,99762
DEMO_B,2025-07-15,291.64449969234806,297.0326993521796,289.0895200307114,295.8564405260323,92133
DEMO_B,2025-07-16,293.8487217144848,293.9003451936165,287.14267299424773,290.43950315911275,123140
DEMO_B,2025-07-17,290.0497384627608,295.9042939200314,287.1904608055017,294.69023247603633,140942
DEMO_B,2025-07-18,294.26504250057224,298.2566226364096,291.00450119453654,294.91263952813273,101699
DEMO_B,2025-07-21,295.675258828083,300.7546251050222,293.1855785078745,297.8849851762572,94931
DEMO_B,2025-07-22,298.6239976431653,305.61374658170365,295.1896181131136,304.0718940234814,122983
DEMO_B,2025-07-23,305.72646169229546,307.7568103233307,303.4327088881221,307.0938487241255,88357
DEMO_B,2025-07-24,308.80663861068723,314.32353163623685,308.6514651625998,313.559277993455,106294
DEMO_B,2025-07-25,315.27778018142925,317.08890176493327,311.6460258861159,315.9193846886954,74303
DEMO_B,2025-07-28,315.8842539072449,324.77507272857144,315.2016121109701,323.8119994302655,122188
DEMO_B,2025-07-29,322.9104173840523,326.6774472300733,321.1994722824501,324.4226006742907,82830
DEMO_B,2025-07-30,324.8603262432163,333.6741256810367,324.2960642828119,331.2737726932744,120197
DEMO_B,2025-07-31,331.8221872357902,340.25059736425146,331.46507374820004,338.49699285184295,93414
DEMO_B,2025-08-01,338.90948932946077,345.88653544788866,338.5316974043008,343.8414599000713,121953
DEMO_B,2025-08-04,345.4912878876696,348.0949779209876,344.67939258709515,345.1419177742062,82330
DEMO_B,2025-08-05,346.1507958825734,346.7146442152623,341.68665524866714,345.6539806545983,122466
DEMO_B,2025-08-06,346.34430178992335,349.2670466041926,341.73652893493664,343.86329946327294,103967
DEMO_B,2025-08-07,342.73720879812214,347.0717421650593,339.86794230654385,345.29542530375,102779
DEMO_B,2025-08-08,343.75308714876104,349.8297655474358,342.8116603890792,346.48409215047565,104984
DEMO_C,2023-01-02,309.9583305503137,315.8728011469039,308.58013126232765,315.28065413700324,115728
DEMO_C,2023-01-03,315.51656395886243,322.0305772146688,315.1917309449484,318.5762053474275,103770
DEMO_C,2023-01-04,319.15396052839026,322.68330340844403,317.2918928002173,320.0051142275677,98684
DEMO_C,2023-01-05,319.7075268339359,329.56592070387035,318.06796731438544,326.9665989926293,113327
DEMO_C,2023-01-06,325.8328809077263,331.26971787979204,325.80981654579983,328.65158789590305,136623
DEMO_C,2023-01-09,330.028755279722,330.5199420099505,327.30866200127275,327.39761914571153,87432
DEMO_C,2023-01-10,325.51903681250553,329.2957078457005,323.74685465960783,327.88812572762475,125665
DEMO_C,2023-01-11,325.33015380961893,327.78542838207136,321.5239973108682,326.1395378797068,76635
DEMO_C,2023-01-12,328.4123519194098,330.1725939044142,324.63710308541096,327.3956606407977,70318
DEMO_C,2023-01-13,328.72956748133043,332.4597343364176,316.19394571786717,319.66915077901683,137817
DEMO_C,2023-01-16,321.7368264879123,326.4700068971548,321.6984264240568,326.18322760111624,122672
DEMO_C,2023-01-17,326.51885910583155,331.3954013977183,324.78121261008545,329.63082498025955,86226
DEMO_C,2023-01-18,332.29113903349963,337.4654135749683,330.5472385978928,335.30164946524155,123180
DEMO_C,2023-01-19,334.4792481686039,335.86767259219846,328.59056154271417,331.0411515165515,97776
DEMO_C,2023-01-20,332.38043778700086,332.57676873169703,328.28815788310754,331.8722795087787,88902
DEMO_C,2023-01-23,331.1199222441319,334.54837285868825,325.0141383326274,327.081455594641,140538
DEMO_C,2023-01-24,327.7357512014779,334.7697640744035,326.15012027483795,332.2164373810217,107977
DEMO_C,2023-01-25,328.97721389293963,329.75400357351083,327.3552076257639,328.99333376835466,79872
DEMO_C,2023-01-26,327.4116945743515,335.6516700612039,325.47716091581685,333.67178283461305,145162
DEMO_C,2023-01-27,335.1491415852354,338.24449846445543,328.93056731168275,330.0747381962756,142665
DEMO_C,2023-01-30,329.4144809268968,332.37297973848916,328.5380723689945,330.585957239478,123310
DEMO_C,2023-01-31,331.5537789992936,334.1405038428695,329.3968943528707,332.4110076929131,115742
DEMO_C,2023-02-01,334.0597078505149,336.7006809579484,328.49974455338065,328.6790335724525,114808
DEMO_C,2023-02-02,328.85201322547783,332.0246187476537,324.0655161187935,325.61010401656597,82919
DEMO_C,2023-02-03,327.28622243298287,327.46353902613714,319.76068297015024,321.8387202370507,142922
DEMO_C,2023-02-06,322.41734226660964,324.44237933109576,321.98384777699425,323.1169309752257,84038
DEMO_C,2023-02-07,324.4589244728594,327.349251781403,317.1411234899265,320.25456820091574,111603
DEMO_C,2023-02-08,321.4242261490325,321.5566163038833,315.05828207807576,315.51821313446993,116726
DEMO_C,2023-02-09,313.9026873985797,316.77399840496093,306.27975214366916,308.03002549847946,142485
DEMO_C,2023-02-10,306.9175963197321,308.6889074242514,306.6852129586688,307.11590828999203,74092
DEMO_C,2023-02-13,306.3357937914465,309.9333240221291,306.04427302112794,309.10317614585443,96218
DEMO_C,2023-02-14,309.4071963273818,310.9531300988303,308.7013598521483,309.39596176702554,108796
DEMO_C,2023-02-15,308.39980982419655,309.2865971008218,299.71379535288503,302.15491845274676,145634
DEMO_C,2023-02-16,299.37995724652853,302.5018202792671,297.0741054217594,298.8310830974714,84147
DEMO_C,2023-02-17,299.628073159091,301.08301637056803,290.95082741605773,292.85765932526556,133538
DEMO_C,2023-02-20,291.78726411409116,293.24740281928297,289.2930058154165,292.20715925034665,114632
DEMO_C,2023-02-21,293.6512255317363,301.11389175691966,290.36242343340047,299.18291417899474,126343
DEMO_C,2023-02-22,298.435408898562,300.5436234758847,293.9392057512007,296.393451046714,123731
DEMO_C,2023-02-23,295.6646254718443,296.4306959929931,292.9282448056795,294.8974781090411,73412
DEMO_C,2023-02-24,294.7898620046682,297.26175737855556,281.85442044246463,284.73537852349415,163896
DEMO_C,2023-02-27,283.985601508137,290.2144345412211,281.8015793415981,288.4216110984503,133125
DEMO_C,2023-02-28,285.88856672167725,286.9457419735317,277.5735460227182,279.6712055658362,128922
DEMO_C,2023-03-01,278.5034975058119,283.56963096448027,277.87334143790025,281.5942183307192,104487
DEMO_C,2023-03-02,282.69786951174314,283.97323763779826,277.0750152187849,279.9035763396137,84590
DEMO_C,2023-03-03,279.99150424695534,283.00179098385786,276.9326846933659,278.6467133938083,84605
DEMO_C,2023-03-06,278.6091753854416,282.3256106314195,276.21654125141646,281.5958804155525,121229
DEMO_C,2023-03-07,281.06492652478386,290.70755427370386,280.5733093889088,287.579381864399,144303
DEMO_C,2023-03-08,288.24090551074886,291.2320717026497,282.9572513826264,285.32725519078423,122349
DEMO_C,2023-03-09,287.8582408795726,290.0876239962062,283.63714152538756,284.88476211542974,128555
DEMO_C,2023-03-10,285.8099342395992,286.13020875605105,280.86321933872904,281.33915464123487,122313
DEMO_C,2023-03-13,281.7118350469604,283.1394070766762,272.1113085369192,275.23465091499213,139128
DEMO_C,2023-03-14,274.17621078260123,274.25568878202324,270.3397655762354,272.0044031227386,137047
DEMO_C,2023-03-15,271.3556242151754,275.1101228408468,268.4207514240195,272.91132774599197,74531
DEMO_C,2023-03-16,272.7026533791459,272.7425684443451,270.60261766465084,270.8132723420637,101219
DEMO_C,2023-03-17,269.84436844312586,276.5095572997732,266.7994546716329,274.7157846629231,110943
DEMO_C,2023-03-20,273.5768708956367,280.103510645391,272.54101778634583,277.4596723991207,84312
DEMO_C,2023-03-21,277.3533733782909,280.43627655979293,274.79215652703874,277.2876525525525,98835
DEMO_C,2023-03-22,277.00374472315593,280.20460558933615,270.83339194253205,272.3386376904692,86663
DEMO_C,2023-03-23,270.8613851966812,274.67266386031014,270.6919431534188,273.26658568050266,135190
DEMO_C,2023-03-24,272.3859667312694,272.90353723634877,269.08613119992305,272.20627141464763,69253
DEMO_C,2023-03-27,274.47346213727644,280.21177611073296,273.69092299555115,278.90718568317607,106842
DEMO_C,2023-03-28,278.4621150105589,286.53569968760723,276.93612415803017,286.45542752071384,131459
DEMO_C,2023-03-29,287.4468744742613,295.09870835779515,286.3059065468823,293.8814164687873,150316
DEMO_C,2023-03-30,292.8758262078565,295.075157509711,292.0848961270231,293.154205436549,108223
DEMO_C,2023-03-31,294.9704295345356,301.0527191629784,292.73273968514445,298.9526998993748,94804
DEMO_C,2023-04-03,298.24579300226156,310.35375151817584,296.9064966675849,306.9423837579784,120658
DEMO_C,2023-04-04,306.8232441025075,309.15208205720694,301.2073932018483,303.7261388221006,107429
DEMO_C,2023-04-05,302.7501992106054,303.3155100213002,299.750878334284,301.5276144081039,87048
DEMO_C,2023-04-06,304.5011616701693,312.9976265230208,301.4303572708567,310.92854548572063,145248
DEMO_C,2023-04-07,309.40628494755777,309.91025285643326,301.74529641097666,304.9627082847381,99486
DEMO_C,2023-04-10,303.120460332255,304.19787147747036,301.3679551897092,302.9700465577403,90226
DEMO_C,2023-04-11,303.3348457932989,317.1002348304209,302.0487407345717,313.5776766119577,139113
DEMO_C,2023-04-12,312.180541405122,314.78135582178464,309.2091979008899,313.04965869658076,69263
DEMO_C,2023-04-13,312.5387136607116,316.52311678564166,309.08636666941845,313.54038340475836,79766
DEMO_C,2023-04-14,314.6429416517005,319.7571706990144,312.9164624131896,317.7049913018057,77234
DEMO_C,2023-04-17,316.98901247619176,318.70279221885545,316.4134706078972,317.8998999067566,76400
DEMO_C,2023-04-18,316.2967452917744,321.52274338109265,316.2804964913934,320.5743611098177,84654
DEMO_C,2023-04-19,321.0781459247886,325.3722305711139,319.62827998132235,324.83972746988985,100811
DEMO_C,2023-04-20,326.00074935030466,331.9408749733305,325.5134268183613,328.9043556920896,115321
DEMO_C,2023-04-21,327.99961144903097,328.6852260492493,326.59391781873046,327.9966341967879,110697
DEMO_C,2023-04-24,329.8105634256198,331.5046700605763,329.6677432707012,331.4616984536521,132043
DEMO_C,2023-04-25,332.1004594640129,333.15471985752924,329.4170156150578,331.72529087259613,126809
DEMO_C,2023-04-26,334.342142113833,342.275035508876,332.7915943097489,338.6229085717562,129187
DEMO_C,2023-04-27,339.4896547955524,345.17780546235184,338.8813838339723,342.0792517008928,117398
DEMO_C,2023-04-28,339.7693825512286,340.41588708194416,336.2756321744093,340.2680824375025,89248
DEMO_C,2023-05-01,339.8444936554299,343.929918281027,339.24272110462675,342.5437945403255,125617
DEMO_C,2023-05-02,342.9395973773946,346.8494340062287,339.0600239146715,341.2246757003015,107869
DEMO_C,2023-05-03,340.81561416489825,343.130341292103,336.8102722918305,339.7824490407998,127664
DEMO_C,2023-05-04,339.87928310387065,343.58338666397975,338.5566381590383,341.00371376172865,115743
DEMO_C,2023-05-05,339.38311872593505,341.78521913933076,326.4498865573302,329.53525257126864,119708
DEMO_C,2023-05-08,328.87750213856054,330.0555380291674,324.52233960817546,326.667503181149,88020
DEMO_C,2023-05-09,327.86624922739804,331.56610133859465,326.6263202298508,327.2127580848758,71231
DEMO_C,2023-05-10,327.04210122989195,327.85900388168704,322.0883058104895,323.16971736141846,82307
DEMO_C,2023-05-11,321.69441586315463,324.6218441680012,314.59023336294075,318.25723437715095,114960
DEMO_C,2023-05-12,317.8040854126097,318.09908713166243,311.9280909602245,312.7298744903151,144861
DEMO_C,2023-05-15,313.1855788283718,318.26264810592346,310.4340983404202,317.20967455178925,114353
DEMO_C,2023-05-16,315.8889443071563,325.004223317865,312.1644649321157,323.9003390961296,117073
DEMO_C,2023-05-17,324.95202316140814,327.99404258342895,320.94028149535626,323.7197085813761,124647
DEMO_C,2023-05-18,321.83312040878536,323.9584863073181,315.1607908395171,315.90065334972155,99557
DEMO_C,2023-05-19,313.98146524650053,314.67293794479207,312.0143358629226,313.33296506981316,105069
DEMO_C,2023-05-22,313.3225698876863,314.4441209332507,303.5790569587245,306.84217884595654,95938
DEMO_C,2023-05-23,307.94478252933834,311.1905268557535,297.98216069340657,301.13930442697216,148509
DEMO_C,2023-05-24,300.8046081258116,305.4539484586718,297.7706915630462,303.64514602966693,81157
DEMO_C,2023-05-25,303.49342215620413,304.0647759571154,298.4814693284856,298.9611571155578,97188
DEMO_C,2023-05-26,299.58568240244887,302.9277066355686,296.1321632246976,301.30850309686423,103092
DEMO_C,2023-05-29,301.14052325376946,305.1307270311047,299.41924776448906,303.71111394989293,127325
DEMO_C,2023-05-30,303.04503837065596,306.33403445861336,298.7234398907798,300.4894743132898,75889
DEMO_C,2023-05-31,300.47210552801045,303.2584493324903,298.49832284255376,299.8804651288243,92689
DEMO_C,2023-06-01,301.48277683863444,304.89582469437823,299.4428092767095,299.7137531997483,115686
DEMO_C,2023-06-02,297.08085839624556,303.7596715014608,296.09354144530215,300.35829446774756,122024
DEMO_C,2023-06-05,298.6228390498753,300.8463800143481,297.12381342165526,298.9665171725904,77026
DEMO_C,2023-06-06,298.77248326918874,301.0376020831449,292.5408582085897,295.2365098338482,90497
DEMO_C,2023-06-07,295.87174541763335,297.1711411183357,287.93742554794346,288.4900549252908,149348
DEMO_C,2023-06-08,288.6060533408127,292.6976053039892,286.8967858292374,289.72010932877987,119484
DEMO_C,2023-06-09,289.9587985207267,292.7753862475888,287.26683242725534,292.530435106619,93491
DEMO_C,2023-06-12,292.38728651074433,294.27740577778565,284.29093416127995,284.3614563435446,140661
DEMO_C,2023-06-13,283.0439867900468,283.51052339003934,282.6012237219878,283.3633797834282,106740
DEMO_C,2023-06-14,282.9140714900175,285.77295130897755,281.76001983205657,282.5669108269757,80085
DEMO_C,2023-06-15,283.1690954838181,283.59739971122025,282.3181796638529,282.70823191810325,120598
DEMO_C,2023-06-16,281.1721768447383,285.1073121712565,278.2522445147482,282.89457656525974,123919
DEMO_C,2023-06-19,283.69348026577575,285.80017175070304,276.17401012078443,278.92017192583353,92268
DEMO_C,2023-06-20,279.0006852979537,280.3663384771046,272.01964278441795,272.98266859154364,128175
DEMO_C,2023-06-21,274.94658888997554,275.10541001581913,272.10721160375243,273.4673651801058,119798
DEMO_C,2023-06-22,271.68726347806825,273.59901364920637,267.00588910183427,269.24672749668247,101956
DEMO_C,2023-06-23,271.5103854587851,272.27699561104333,268.84168783034437,270.11585030167066,110206
DEMO_C,2023-06-26,270.0142356485506,272.28016413953924,269.4770967603394,270.53392578790675,107683
DEMO_C,2023-06-27,269.65484569742415,270.9751053598292,266.8109207005867,268.84386680339986,130375
DEMO_C,2023-06-28,269.4025908970601,271.883355592961,268.4280543658484,269.59745925517615,70667
DEMO_C,2023-06-29,270.1306626273162,273.55295462820703,266.96952289293256,273.54037165249844,133301
DEMO_C,2023-06-30,271.4079123925193,276.35822927092164,269.5552474819591,274.6234436076001,89257
DEMO_C,2023-07-03,274.8293987720684,277.4035603109184,270.71949866361894,271.40043839217975,120032
DEMO_C,2023-07-04,271.5783442597232,271.8724855634334,266.5084525767565,269.19526706056325,126215
DEMO_C,2023-07-05,270.88651923961885,276.3183831727988,269.27600415995386,274.0767278695211,88807
DEMO_C,2023-07-06,274.4250139153843,274.6564168542682,270.9438157034394,273.5209695198073,111616
DEMO_C,2023-07-07,274.7087904795783,280.43852764420984,274.27739416853433,277.3844899988499,130471
DEMO_C,2023-07-10,276.5641351347038,294.273769717963,274.852490903896,291.1261966965752,151920
DEMO_C,2023-07-11,290.21327431140054,296.05794084751074,286.868101108554,293.49077972649656,86699
DEMO_C,2023-07-12,294.320115956968,302.2171053854395,292.36153133769216,298.7072522682537,114253
DEMO_C,2023-07-13,299.77273973681173,304.99548563783156,298.51223092698194,302.7926584966371,81422
DEMO_C,2023-07-14,301.8308850155369,302.3799687565759,300.47096007005007,300.49490868592915,74029
DEMO_C,2023-07-17,300.87234441431747,301.4809771636871,295.6019240666515,297.94143122507853,107774
DEMO_C,2023-07-18,297.7601884795633,298.16634878863,293.11537410569235,294.6137263221642,100323
DEMO_C,2023-07-19,296.8310258435185,299.53673922168804,292.32950749967216,294.9826901516182,114148
DEMO_C,2023-07-20,294.59599249676774,300.28154042971835,293.35742784733225,299.9436326711568,146821
DEMO_C,2023-07-21,300.44794514246587,306.73725041938064,296.8632834622586,303.3939021840384,87258
DEMO_C,2023-07-24,303.4625710359478,309.54846112950986,300.81838885319166,308.03319045790954,124116
DEMO_C,2023-07-25,307.6195202317431,309.8834199161703,304.0877923765839,307.90915628671587,74517
DEMO_C,2023-07-26,307.5866152885546,310.2383220558618,303.8801610452086,307.1644698282587,65737
DEMO_C,2023-07-27,306.39712147579786,309.5961948459695,306.2897978288288,307.67936372805144,82206
DEMO_C,2023-07-28,307.02320486161955,307.92211118505327,304.76920046057097,307.5496063939479,119972
DEMO_C,2023-07-31,306.5293481933081,312.1371074643226,304.15864207550203,310.18464864836875,96318
DEMO_C,2023-08-01,307.51273170159686,313.56168177868847,305.08497429126487,313.18848617642044,143296
DEMO_C,2023-08-02,312.0102543998662,313.62384165341217,307.138439951031,310.16661999273236,101016
DEMO_C,2023-08-03,309.70540766153516,313.4252669022909,306.72111310010797,311.5810889452972,124487
DEMO_C,2023-08-04,310.4992550744773,311.71944549375314,308.355855743116,308.96205683999136,130656
DEMO_C,2023-08-07,309.8727898312663,313.50702908538227,309.75919167201243,311.38504482826676,129696
DEMO_C,2023-08-08,313.01643739292393,314.2081820236556,312.0405983483423,312.5720851816414,108079
DEMO_C,2023-08-09,312.5327523135151,317.0343955509578,308.8057896909573,313.61426543707586,80550
DEMO_C,2023-08-10,314.21407460302765,314.31941423740017,304.26677103280485,306.559048575955,115534
DEMO_C,2023-08-11,306.1320463136494,311.87710832346744,303.45291786357785,308.36158892773483,118908
DEMO_C,2023-08-14,308.64588436249875,313.9878564794879,307.25102822614446,310.2966259259054,133275
DEMO_C,2023-08-15,308.57266882228845,311.76211596941954,308.3229143903824,309.3445682636564,100305
DEMO_C,2023-08-16,309.7946404684679,313.3848628630849,306.90389967602727,311.8926807920168,83584
DEMO_C,2023-08-17,310.4538314815579,317.2756512639529,308.860469879077,315.9438708939675,109326
DEMO_C,2023-08-18,317.03967632922536,322.7694564545449,315.6761330475979,319.15032172279524,92913
DEMO_C,2023-08-21,318.7104564387814,319.1156508833392,315.9854698518319,318.0984230677674,91506
DEMO_C,2023-08-22,319.28642530161346,322.59513077974685,316.53888189032773,317.7868645100986,115037
DEMO_C,2023-08-23,318.1159359233185,325.42280525244746,316.07752260042037,324.55063379366163,120012
DEMO_C,2023-08-24,324.15965506537873,326.6209507087245,321.27599843928357,323.7068798744681,71427
DEMO_C,2023-08-25,324.52861930277584,328.78237694799714,320.6521517630874,327.47340384183497,119716
DEMO_C,2023-08-28,328.54175991562477,333.2875396616709,326.59362354737425,331.2203515459613,132555
DEMO_C,2023-08-29,327.3084772943983,330.0630814552148,320.5591006416979,324.209554406431,84357
DEMO_C,2023-08-30,323.988357102022,328.73867329304454,322.2949908704259,325.10207102923437,120458
DEMO_C,2023-08-31,324.8191627816084,327.7954886557983,319.1714451030079,319.7518260900675,100224
DEMO_C,2023-09-01,320.2986725866107,323.25275854750697,315.8509880079174,319.614925494134,74434
DEMO_C,2023-09-04,316.2139794212402,317.85485521558286,309.61372798175086,312.5113155046845,109959
DEMO_C,2023-09-05,313.3614331676061,315.0661609580149,304.51561736903625,305.6682727511252,111955
DEMO_C,2023-09-06,304.42288902654116,307.55200491734223,298.45699991444934,299.1743970056038,91019
DEMO_C,2023-09-07,299.4968725043334,300.7350456416584,296.48718785915514,298.91122874460547,115558
DEMO_C,2023-09-08,300.1356578468339,301.5844214593952,297.0325656557158,298.7551481483471,73985
DEMO_C,2023-09-11,297.9313210755059,303.97486960910993,297.4790287690815,301.7352704037726,131039
DEMO_C,2023-09-12,302.17797219346903,305.1820669441635,299.24928734163154,300.59445450051356,106710
DEMO_C,2023-09-13,302.2946350805813,305.6170778450472,299.7443141083123,302.7066973935372,84991
DEMO_C,2023-09-14,300.6568978027467,302.35906137338895,291.92093076580767,294.54547413806904,119402
DEMO_C,2023-09-15,294.74550931861194,297.16610970712674,288.2983855035297,291.4259824560053,126291
DEMO_C,2023-09-18,292.17078773676434,296.0524372853138,289.76376289202227,293.19383985733634,101429
DEMO_C,2023-09-19,292.80620117815977,295.40433800623197,285.9660192622737,288.3695812597323,101282
DEMO_C,2023-09-20,288.49081131961253,295.11285669810115,288.2961849513993,292.9261428532175,102647
DEMO_C,2023-09-21,293.50558625099353,297.05956046092473,290.50584480661433,296.60292544022275,123848
DEMO_C,2023-09-22,296.7898450925454,297.86666872505003,294.3234375394013,297.6580695279358,69401
DEMO_C,2023-09-25,297.7348399616368,299.42476228931787,296.3913473984277,298.23993960513207,82983
DEMO_C,2023-09-26,298.84151392585244,299.33214118809997,295.88716708146285,295.940607886754,107185
DEMO_C,2023-09-27,295.79844523883827,298.55706001095103,294.13405564606205,298.3027405744296,121621
DEMO_C,2023-09-28,299.85388314272836,299.9671450067222,296.5975849602337,298.1093954278806,85672
DEMO_C,2023-09-29,298.3466195476135,301.6886457111834,293.67120836425704,296.64767325191735,121736
DEMO_C,2023-10-02,295.9682575343457,296.7057592038202,292.9460992256456,295.0178943817525,79321
DEMO_C,2023-10-03,294.11806180321616,296.43782001978997,290.6139122172135,292.1248553007579,93333
DEMO_C,2023-10-04,293.37135634075645,295.2034058070377,284.8888093080115,288.1624069977667,122842
DEMO_C,2023-10-05,288.8287330418986,295.5445697500143,288.53131851303056,292.58899556186526,143200
DEMO_C,2023-10-06,291.58624729210277,297.15957765233,288.34585117001006,294.69492191149493,90813
DEMO_C,2023-10-09,295.11885917092883,297.12297544988274,291.17097959269216,294.01068581123695,112470
DEMO_C,2023-10-10,292.2070676108175,292.60423710663565,286.5602453233655,287.30920474858436,110634
DEMO_C,2023-10-11,285.92493810384076,293.65924171734383,283.2948692399835,291.9934054384005,111077
DEMO_C,2023-10-12,292.44583362067505,292.59305399863047,290.5086545573135,292.44398293631,97032
DEMO_C,2023-10-13,292.34649673028633,293.60635960061734,289.2636326179669,293.35132882364115,128098
DEMO_C,2023-10-16,293.7156774677541,297.00056672361984,293.2865770053347,294.69791472700297,105562
DEMO_C,2023-10-17,295.7145908668455,297.653415941722,288.4175953674536,288.825281462418,118341
DEMO_C,2023-10-18,285.7458436732899,287.5803253314229,282.4522799965107,285.4624514426974,126087
DEMO_C,2023-10-19,285.3872348231274,287.7419588807443,283.984776006289,286.59088356976076,86689
DEMO_C,2023-10-20,286.6641274895211,291.8694598793976,283.516400212936,290.06471597264414,122253
DEMO_C,2023-10-23,288.7277812949196,292.18909214214875,286.78203969873846,292.16941204857653,89400
DEMO_C,2023-10-24,291.2822330390185,292.9044760153056,287.7731500384424,289.3783836401284,116811
DEMO_C,2023-10-25,287.46213405427096,290.3051449310416,285.55797742058553,286.4553650453114,111025
DEMO_C,2023-10-26,286.0032214328346,289.0234427039333,282.40199687284496,283.9467494492044,78193
DEMO_C,2023-10-27,281.81448138598466,284.5699980199041,275.1832178602505,276.90125902243136,128007
DEMO_C,2023-10-30,276.2720661194431,279.08428507375254,274.201154291722,275.7183377079527,70799
DEMO_C,2023-10-31,275.733059211003,277.34704571615583,273.5193415363915,277.09852591586923,83035
DEMO_C,2023-11-01,277.9207186456277,278.6643354929269,274.4507771554882,277.45395857333926,108884
DEMO_C,2023-11-02,275.97646941007287,279.68557286774336,274.98756264385213,276.8943697008806,94510
DEMO_C,2023-11-03,276.48796046909445,282.8620032398989,276.0912750293196,280.33298155131655,91304
DEMO_C,2023-11-06,281.960221605741,285.90999116440156,279.8768218713796,285.32561253658236,101878
DEMO_C,2023-11-07,286.9842666508172,291.80820437121633,284.09619697147076,288.98292485967505,85889
DEMO_C,2023-11-08,290.63583995719534,292.0811910039328,289.856146546453,290.59885372693924,112512
DEMO_C,2023-11-09,290.07715417852035,297.7041885725122,288.81976338655505,296.23871764624886,95883
DEMO_C,2023-11-10,296.0250404523933,298.31886335942767,294.63395677174356,294.81010389090034,120601
DEMO_C,2023-11-13,294.40193771294923,297.7452806911905,291.13846374948224,294.44327267638107,104175
DEMO_C,2023-11-14,295.0472364657653,302.9768246355181,294.30102124556936,301.64933673108266,93521
DEMO_C,2023-11-15,300.15528965799456,304.5778549641264,297.6192734425337,302.16254965955727,102413
DEMO_C,2023-11-16,302.88384910963134,310.2792873726992,299.48603327652756,307.6388471168022,106681
DEMO_C,2023-11-17,306.0933700599137,309.72716106280694,298.4659004730911,300.48769575110083,122570
DEMO_C,2023-11-20,301.06779279699157,303.09999205266644,295.4062074616726,297.92043952971096,100757
DEMO_C,2023-11-21,298.2610705555968,309.64120117926535,297.7855871292204,308.1370302704072,126053
DEMO_C,2023-11-22,308.0883686084114,308.1370374202664,304.6901858100204,306.01929800920374,102807
DEMO_C,2023-11-23,304.52038253971557,307.7079621447041,302.28553869569237,303.07285920132915,80203
DEMO_C,2023-11-24,301.2209945359266,303.29955662154543,299.7613399003515,302.37492089619366,82962
DEMO_C,2023-11-27,302.0033522444377,305.0206485866213,299.5688703670891,304.8045207555685,138805
DEMO_C,2023-11-28,303.35267482483204,304.2838122509484,301.41982075859823,302.1793927437444,75236
DEMO_C,2023-11-29,304.2056659770851,305.7596745517371,303.016055620685,305.1202743136709,115565
DEMO_C,2023-11-30,305.14256440997417,308.9194660765515,304.034150763762,306.01261514069404,81781
DEMO_C,2023-12-01,306.79640797680315,307.9721716941941,304.13585159184606,306.84987240527306,69205
DEMO_C,2023-12-04,307.66261875146176,319.36924574590887,307.3465115257942,317.44867478926454,161271
DEMO_C,2023-12-05,318.33795118544276,320.80762128078504,314.70790476735783,320.3906441589514,72151
DEMO_C,2023-12-06,320.5852234649069,326.2281888739161,320.06410309646714,324.37539869070315,139001
DEMO_C,2023-12-07,325.84038753206767,331.25280889999584,324.0311933574999,329.1063160811317,82740
DEMO_C,2023-12-08,326.718968392857,330.96526399761456,324.6127474255038,327.24648886186856,95272
DEMO_C,2023-12-11,326.40819114174656,327.39352717864716,318.77766655416104,321.14089761627764,137135
DEMO_C,2023-12-12,321.5187963259603,324.0970156166786,317.8397310419363,321.675788828566,95184
DEMO_C,2023-12-13,320.77659201798457,324.6174992300533,317.5112042960319,321.4416862010688,83031
DEMO_C,2023-12-14,320.8123613907998,329.367388717646,317.8879126934826,327.8885156712169,102802
DEMO_C,2023-12-15,327.69322895648816,329.5516551616179,319.69080730427737,323.51447186015963,131001
DEMO_C,2023-12-18,323.4970967696142,332.95015751070054,320.94626829442444,332.3980074707141,159013
DEMO_C,2023-12-19,334.1670830583091,337.1994420143461,334.07606793588855,336.2897367954371,134086
DEMO_C,2023-12-20,335.04334792616913,338.158683876932,333.3841511830149,334.5569294600888,67314
DEMO_C,2023-12-21,336.38597027106357,338.99516685359595,328.1390001739967,329.4702827791354,92672
DEMO_C,2023-12-22,327.6091728104255,327.9165835629986,323.9148835429768,326.25882764307113,112130
DEMO_C,2023-12-25,327.1322035611777,330.81186953330877,324.8783472693427,325.5559965601253,126016
DEMO_C,2023-12-26,322.89192671493475,325.6115846993709,321.215567628807,322.9138313110563,100294
DEMO_C,2023-12-27,324.9484379654638,325.02060929237774,318.3336914077707,321.9593846885174,78095
DEMO_C,2023-12-28,321.18099811674415,321.6949981981734,317.07020812426185,319.43970115034773,73538
DEMO_C,2023-12-29,317.68044971052257,320.1078713962096,317.15740722485606,318.2024683029955,124458
DEMO_C,2024-01-01,316.7213154851585,320.9390028974939,315.3641835420998,319.61996991974877,81166
DEMO_C,2024-01-02,319.7374641033961,320.99942308506866,314.0710729514754,317.19133631431043,100862
DEMO_C,2024-01-03,317.02217165532886,320.59494635967405,313.57604351327626,314.0170121442618,130577
DEMO_C,2024-01-04,312.71413653989504,316.30114935580207,309.55248871229816,310.6641676397397,124245
DEMO_C,2024-01-05,309.1563256069317,311.14992645552894,304.77537072229023,305.42310970214976,92553
DEMO_C,2024-01-08,304.7980028075118,304.99339141217035,302.12917385194174,304.2016684072673,129166
DEMO_C,2024-01-09,307.0677528895456,309.3750957146167,306.94688463707416,307.1853765970655,99027
DEMO_C,2024-01-10,306.7918662799137,310.1198974279453,302.4882115663197,304.6002459844043,89383
DEMO_C,2024-01-11,303.5288572523293,307.0863579114071,289.80863329698104,291.2722499632132,145237
DEMO_C,2024-01-12,291.8208962125891,293.12714759989484,285.4516904206819,285.73417570035394,118937
DEMO_C,2024-01-15,285.9432135499613,290.9352973506583,283.12392038493675,287.8063087921893,76764
DEMO_C,2024-01-16,286.20441239998377,288.4733092227254,282.91698725897305,284.8367475937051,87933
DEMO_C,2024-01-17,284.7800486511876,287.97106984062304,282.5118925546451,286.3162645847056,116602
DEMO_C,2024-01-18,285.7026968852841,288.93328965197475,284.1184586297675,286.4246782544005,108851
DEMO_C,2024-01-19,288.47653064198767,289.05512820839533,285.4281277022114,288.2276679865691,82174
DEMO_C,2024-01-22,287.2901813530119,287.4474600358322,283.25578624105555,283.46416812623244,135798
DEMO_C,2024-01-23,284.2858658165598,284.7157776530602,275.866758445665,276.946741799942,114068
DEMO_C,2024-01-24,278.48421518810244,278.75059074336724,272.6730965636404,274.12315806849466,85264
DEMO_C,2024-01-25,275.0790213684381,279.5730203852996,273.3615508091655,277.8939452064835,84570
DEMO_C,2024-01-26,277.60281003706615,279.2924264724941,272.37069676283517,274.53602077621713,128957
DEMO_C,2024-01-29,274.44875134508186,275.896725960288,263.1388052690317,265.70143261007837,123208
DEMO_C,2024-01-30,265.85478401046555,266.69377004744604,265.69861853685677,266.05544066315736,127177
DEMO_C,2024-01-31,264.28935124630726,264.59665572691694,258.39123376007757,261.0292803592182,124356
DEMO_C,2024-02-01,261.5922631696023,264.0196383275324,261.52672689348486,262.20396631234075,74912
DEMO_C,2024-02-02,262.1236162339249,262.5801153101454,260.5360243850533,262.2672385458367,72980
DEMO_C,2024-02-05,261.745154987093,265.6439389018363,260.4272077711562,263.548305470406,83246
DEMO_C,2024-02-06,264.1036855045397,269.1815107684635,263.66471327624396,266.5405975235692,120142
DEMO_C,2024-02-07,266.23967202619167,272.31224180653226,266.04631137713676,269.43857791694126,129965
DEMO_C,2024-02-08,268.92625499371286,271.4479912862614,263.2825538648447,264.7005953490006,89639
DEMO_C,2024-02-09,263.93816352294965,264.9900268727605,259.7353834740845,262.6104942372475,124681
DEMO_C,2024-02-12,262.08604939811875,263.1739650775949,259.9928168958958,262.7910002464885,100490
DEMO_C,2024-02-13,261.52411899001424,262.2907154210916,257.92080963444283,258.5120930980811,112198
DEMO_C,2024-02-14,261.3200248174344,261.6221747686502,259.8615993802363,261.27407879655,102771
DEMO_C,2024-02-15,261.69888986391,263.25698452927236,257.6414893351211,260.6953896560426,132204
DEMO_C,2024-02-16,261.88732166237645,262.1648818717889,258.77603807384384,261.6174094990438,114683
DEMO_C,2024-02-19,262.89313046423604,270.04869997257464,262.0439405066163,268.5589601445581,134805
DEMO_C,2024-02-20,270.5599123030564,274.26412763031107,270.09026644868914,271.722322097195,124025
DEMO_C,2024-02-21,269.921878405129,274.94446672242964,268.54942351473255,271.7148480244208,98505
DEMO_C,2024-02-22,271.621304213279,272.2140960731034,269.3098927466224,271.4958181687077,85292
DEMO_C,2024-02-23,273.7585145337946,277.0223132354771,272.8201133091017,272.8249039266616,125394
DEMO_C,2024-02-26,274.65792708685234,276.49645853614277,269.1368406133697,269.9899000123285,104512
DEMO_C,2024-02-27,269.2747722936601,275.7868274791654,269.1516073100558,272.7564189667125,125097
DEMO_C,2024-02-28,271.8822889760087,280.76569694017337,271.55576252038895,277.4548532551062,108887
DEMO_C,2024-02-29,278.68012823579147,287.45983120787594,275.8174617056849,285.61943813634963,133377
DEMO_C,2024-03-01,285.0187665549865,289.74028789373835,281.6649052170318,288.47630804053387,133477
DEMO_C,2024-03-04,285.16082043059663,292.5335572778426,282.8158725916442,289.48791718613785,97749
DEMO_C,2024-03-05,290.1221045077553,298.57435985803403,287.0373453999553,295.231063490529,140975
DEMO_C,2024-03-06,295.6230214659753,296.1239371009736,285.52331561022027,288.25787054719467,157296
DEMO_C,2024-03-07,289.12473822875256,292.58641760573175,288.22288784553996,289.7063759869123,115336
DEMO_C,2024-03-08,289.7271567006151,293.5541855604463,288.50168527102153,291.3110486755237,112657
DEMO_C,2024-03-11,290.61073313768946,302.05829895888405,289.335921201105,298.78920861569634,121332
DEMO_C,2024-03-12,298.7875113591655,304.40195199397647,297.5897620177559,302.4935006980469,117990
DEMO_C,2024-03-13,301.5824813081523,304.9599729285561,299.93769053690016,304.2436476171585,101026
DEMO_C,2024-03-14,305.5084661345341,311.8356806994729,302.6274810903419,308.37883668903197,121417
DEMO_C,2024-03-15,307.517984709801,311.47000431180436,306.34941713737044,310.9817031181728,107732
DEMO_C,2024-03-18,310.70341320694104,312.9641776918854,304.86365295568123,307.90256210033647,131729
DEMO_C,2024-03-19,307.93221761497796,308.4164194424373,303.3596755596067,305.71886515094945,76518
DEMO_C,2024-03-20,307.9782405506693,315.19646083386135,305.58274463987186,312.893461765392,108296
DEMO_C,2024-03-21,312.454831364682,315.97393274682554,310.2861204121903,312.7341926809178,87737
DEMO_C,2024-03-22,312.46153034213944,314.18176341849306,304.2910895104869,307.36834072589767,115388
DEMO_C,2024-03-25,306.8768181453866,316.09594264713024,305.27213002560075,315.9500648565993,113577
DEMO_C,2024-03-26,318.13611354819903,319.33735560574087,311.80927645840535,313.19715085399736,109205
DEMO_C,2024-03-27,311.2295854679337,317.3268905311114,308.051397044978,314.78785392498867,125354
DEMO_C,2024-03-28,313.50568578538656,314.2788518306107,312.90847073101907,313.37267600203,114188
DEMO_C,2024-03-29,314.51451810410884,317.73694785011816,305.73247278235743,306.5918340188557,122538
DEMO_C,2024-04-01,305.75909074232834,310.4153319267949,305.35379607187383,308.2383528786764,130143
DEMO_C,2024-04-02,310.7226786421875,314.3432069667448,309.6561767602451,313.1043929881675,122041
DEMO_C,2024-04-03,315.9204666534068,319.549943280727,313.6611399492122,317.4184011142211,83442
DEMO_C,2024-04-04,316.87018159571824,318.6145750111837,313.81191720883004,314.478760066305,108185
DEMO_C,2024-04-05,314.55058060936403,319.4140146564096,312.60570351991765,315.9710560349515,103118
DEMO_C,2024-04-08,315.27645889907285,317.77464398318443,309.5923182788647,312.314497520064,119673
DEMO_C,2024-04-09,313.17034742129505,313.20855921793594,311.9797202422357,312.4582977012627,89741
DEMO_C,2024-04-10,312.8308285698733,313.3935638470914,307.57316306905284,308.55615399283664,119589
DEMO_C,2024-04-11,305.7075658986128,306.2701157894399,300.119975208013,300.7264050283975,129711
DEMO_C,2024-04-12,300.01301392214174,303.12657442528376,295.0398081929439,297.5547201810912,81380
DEMO_C,2024-04-15,298.42771943662797,301.592930648728,293.75364248946966,294.70571591946805,127848
DEMO_C,2024-04-16,294.48668169906733,297.4225914137602,292.4952208462023,293.8658591141892,81215
DEMO_C,2024-04-17,293.1317248120242,303.0799902627372,289.85097091067263,301.5107918379207,124183
DEMO_C,2024-04-18,300.69814458649057,301.1434095927831,296.2849111408454,298.28443196143417,79334
DEMO_C,2024-04-19,298.31261952937814,303.45212254736373,297.8248502879586,300.6858258108977,127121
DEMO_C,2024-04-22,299.45393675985866,306.9124324087483,298.57940123110086,303.8152585784819,138148
DEMO_C,2024-04-23,302.4395627874709,303.72909125638773,290.93627371257617,293.0204457764872,129447
DEMO_C,2024-04-24,294.7196797923526,296.57023599956796,288.51137861870814,289.47805843599116,102151
DEMO_C,2024-04-25,288.90818058910855,290.005099469473,288.80276000127014,289.933921972422,113265
DEMO_C,2024-04-26,287.7176160603268,289.9744619156392,284.9527252274728,286.2606363033737,99297
DEMO_C,2024-04-29,285.60950893689244,285.93519716382593,277.0467956146534,278.603095603785,101304
DEMO_C,2024-04-30,277.9633067620912,280.31902971322984,274.8481974711345,278.2859340819731,75400
DEMO_C,2024-05-01,277.8253288773064,279.0876794836248,275.41851404707785,277.3790007583694,93174
DEMO_C,2024-05-02,278.3114866957516,280.7721071992489,275.43154648033186,278.4844905121467,74113
DEMO_C,2024-05-03,278.4451777608797,281.41583958610926,274.2808704226308,277.3140880812064,123051
DEMO_C,2024-05-06,276.83150949258066,277.1655854439624,271.8861371153113,274.5381041512177,135558
DEMO_C,2024-05-07,274.4590801160961,277.2758601209268,264.46629300278636,266.09418171381367,114139
DEMO_C,2024-05-08,267.95836406344426,268.5454328322516,263.79632210588454,264.62467281018286,104795
DEMO_C,2024-05-09,263.9818180342208,266.50374303975883,255.9551583635977,258.78466735710685,95278
DEMO_C,2024-05-10,258.6999342864666,260.49991294044,256.2018964663562,257.9442999555748,104928
DEMO_C,2024-05-13,255.8655146665148,257.4883562200931,255.41109840271284,256.09943239570885,94105
DEMO_C,2024-05-14,256.9785391426609,259.5245619879983,250.93056913871607,253.94852229265587,117915
DEMO_C,2024-05-15,252.74124795907122,255.87268363912924,252.3436135625298,253.3063336954034,96350
DEMO_C,2024-05-16,254.07952320287473,254.6470962161968,253.56144389287567,253.92453893202935,117022
DEMO_C,2024-05-17,254.8162098028608,256.03074918941564,252.22401381411532,253.84408077003192,114127
DEMO_C,2024-05-20,253.87451455996103,255.00866450335147,251.5352925667494,252.13900000203478,114005
DEMO_C,2024-05-21,251.6717095496885,254.45356882360855,250.66412159721878,251.12005703390093,124000
DEMO_C,2024-05-22,251.91537172734704,256.38923292354457,248.89936734267513,254.4822550016921,130303
DEMO_C,2024-05-23,253.71507947960401,256.4614923505533,244.85793185685438,246.6170036058201,98385
DEMO_C,2024-05-24,247.73346853872127,253.54064929471818,245.6131146199721,251.33346130867113,111027
DEMO_C,2024-05-27,252.24031146135533,252.28963290346843,249.19843578911303,251.53857486998817,131155
DEMO_C,2024-05-28,251.30881317127802,251.39442949376007,248.69065239205443,249.71332222161743,102477
DEMO_C,2024-05-29,249.22415338322654,251.21900505714186,245.52376577778904,247.50725598333233,75614
DEMO_C,2024-05-30,247.19606785996285,247.5903320541192,243.63701264710434,245.8675483859358,98085
DEMO_C,2024-05-31,244.22407521089082,249.1966300248573,242.47947164613677,247.19126928229863,128727
DEMO_C,2024-06-03,247.88259644489756,249.30184500639865,239.1600739203683,241.80338010633025,145917
DEMO_C,2024-06-04,242.43982493287083,244.25529247160785,239.2754606713081,240.82809308070804,83440
DEMO_C,2024-06-05,241.00461963848815,242.31470354099656,239.72594045385614,241.4088700678834,75183
DEMO_C,2024-06-06,242.92160805145332,248.8386219997152,242.23891885708306,246.53377363917738,138680
DEMO_C,2024-06-07,246.0774938697505,246.70463647586698,241.42590214482345,243.43583258652936,90314
DEMO_C,2024-06-10,242.92899894899782,249.8538946147421,241.1764862461512,247.92479249565207,105314
DEMO_C,2024-06-11,245.90043085199724,250.38402749415002,245.11271432705527,247.71364274572898,115622
DEMO_C,2024-06-12,245.98271797497523,249.84516832193847,243.21995512469164,246.903042519795,117487
DEMO_C,2024-06-13,247.51073310935658,253.32070923575208,244.72493062145998,250.75563431210207,127682
DEMO_C,2024-06-14,252.5193780013168,253.2006916583853,245.9721118864703,248.76338171706314,132327
DEMO_C,2024-06-17,248.16177336872053,249.3615299574285,244.15062148709006,244.39479607432216,125049
DEMO_C,2024-06-18,244.2608262453254,248.81135774617442,243.0101344801881,247.26584622692474,137519
DEMO_C,2024-06-19,245.4428800453392,245.88524143947708,242.59088933508085,245.07728904151332,110362
DEMO_C,2024-06-20,246.56283311100245,250.3656048136949,245.65985412992322,249.46247447238702,132368
DEMO_C,2024-06-21,248.46133188364666,251.06805856034873,247.5740823382808,249.54964222186968,124057
DEMO_C,2024-06-24,248.4682342817213,251.44111343982357,246.4839514542886,247.1305459527022,94144
DEMO_C,2024-06-25,248.03244895919914,253.4207746182719,247.79269049765418,253.14173766271665,119619
DEMO_C,2024-06-26,252.170293896933,254.64682779647993,250.33126716197384,251.628702186747,116560
DEMO_C,2024-06-27,252.18227880713337,254.81038977578797,251.36374358195064,253.14183942583225,106833
DEMO_C,2024-06-28,251.2917516671747,260.9633174549486,248.9552351818939,258.9678510898267,156950
DEMO_C,2024-07-01,259.62875046662515,262.9198632466547,256.81122264129135,261.7151532634129,89331
DEMO_C,2024-07-02,262.3154516662431,264.3298864459418,262.1351283314826,262.23974118563154,108423
DEMO_C,2024-07-03,262.99540648207875,268.3676279963435,262.50503083421665,267.1000534004483,129579
DEMO_C,2024-07-04,266.6248296417544,266.7384566933144,264.7474998734143,265.4449234240661,108910
DEMO_C,2024-07-05,264.69927996276795,267.00910000305555,262.5573808600958,265.0292424751713,68786
DEMO_C,2024-07-08,264.5532727248418,268.6359143112365,262.9883700216478,265.8194378011237,76312
DEMO_C,2024-07-09,266.4192811982975,266.77286318674254,260.37775399320105,262.45703649048403,137741
DEMO_C,2024-07-10,261.6509889850892,262.8033858442247,260.1092483675571,262.43761982177284,87344
DEMO_C,2024-07-11,260.79480014088307,263.79534009202274,258.10816300632325,261.6001223613176,83082
DEMO_C,2024-07-12,262.5326384930541,265.266459593514,261.1832930532108,261.56478165301337,97308
DEMO_C,2024-07-15,260.9718365783982,261.2971185865936,258.6586951266714,260.1140288957354,116926
DEMO_C,2024-07-16,261.6510354480555,262.4977155592992,259.77209790805216,260.21622533071854,73224
DEMO_C,2024-07-17,258.87489680637276,260.5583208731507,256.02438255577545,259.8446640180716,103469
DEMO_C,2024-07-18,261.54814810232483,262.11606121372597,257.70512827623565,258.90280997114155,87315
DEMO_C,2024-07-19,260.19524073861476,264.57812742421464,259.2937305524636,262.46951627255464,104744
DEMO_C,2024-07-22,263.372932622927,265.86108488635193,262.8115137438787,263.9225510472877,84315
DEMO_C,2024-07-23,262.97088083812105,266.76248787648115,260.8722906004077,266.5812503986886,140303
DEMO_C,2024-07-24,265.5878024506123,267.44381613088353,262.097167738866,264.0118088225374,109365
DEMO_C,2024-07-25,263.23201138990817,266.6811807330622,260.66337258568586,266.3785506102216,107901
DEMO_C,2024-07-26,266.4951917523153,269.1467396432926,262.144207931182,264.1198905928699,122786
DEMO_C,2024-07-29,263.1984603275504,266.8048527407215,260.15566666316744,266.3684450867728,98521
DEMO_C,2024-07-30,264.94384807546857,267.3013478600071,259.44313681778084,262.36609111179297,134650
DEMO_C,2024-07-31,264.11978028019587,266.5194201047909,259.6132039168148,262.74173931955903,125637
DEMO_C,2024-08-01,262.6669891138437,263.2360124285019,255.00512267008844,257.28700171427886,105140
DEMO_C,2024-08-02,258.42490163289375,262.03107417361167,255.73420120186344,261.0038937505573,111164
DEMO_C,2024-08-05,260.26447084819273,260.38078251601075,256.60039598499503,258.59166458857555,132100
DEMO_C,2024-08-06,259.2510126137813,261.99918321693536,257.16945819933943,258.5264434941687,97966
DEMO_C,2024-08-07,257.7584657129159,265.57770140685597,257.60969366410035,263.9033370552188,130078
DEMO_C,2024-08-08,262.00746035986043,264.86494873041374,258.5712306163944,260.363667417969,100867
DEMO_C,2024-08-09,261.06365060511786,263.89991552469695,258.72695443238695,258.9973840215767,96717
DEMO_C,2024-08-12,257.37556997072977,261.894063454455,254.62892935954963,259.12545396858434,90306
DEMO_C,2024-08-13,260.0680064173792,261.63302083982984,256.88990565192915,258.7731472702855,72198
DEMO_C,2024-08-14,258.0173090429448,263.95576207646053,255.5958199640801,261.2871421943198,123141
DEMO_C,2024-08-15,260.86359890860376,263.39701316575434,258.48544148894285,261.9247205802423,118958
DEMO_C,2024-08-16,259.87995144394506,263.2677128728317,259.8732454434757,261.7542626766907,107889
DEMO_C,2024-08-19,262.7991297311723,263.4756151562257,262.2207459031535,263.0098989533357,84407
DEMO_C,2024-08-20,264.24827191333577,264.7424783262501,260.5675663715812,261.6230075425918,118489
DEMO_C,2024-08-21,261.5481368606235,263.8266082920086,260.39451047118706,262.4653496266036,117356
DEMO_C,2024-08-22,262.3413292389568,270.404643863922,259.427655447389,267.4476914340358,139053
DEMO_C,2024-08-23,267.84312410793575,270.07680670549007,265.8755912183266,266.754793710045,112974
DEMO_C,2024-08-26,267.21465509934205,269.7635739750251,265.1945851678969,265.97359499152395,72821
DEMO_C,2024-08-27,266.48342243064417,268.02815071820214,260.34521773336985,263.19785444117235,115280
DEMO_C,2024-08-28,262.2405291449812,263.34578502086146,260.9229516892265,262.8594175692097,81768
DEMO_C,2024-08-29,264.6577916948816,265.51863171600104,262.41698211165,262.7977499528442,127107
DEMO_C,2024-08-30,265.0374291413531,265.21479829733886,260.4096689752016,261.80333787638165,99577
DEMO_C,2024-09-02,261.8239520159162,263.93120623326325,259.7509816799096,259.8323106471465,96968
DEMO_C,2024-09-03,261.2187029923264,263.4115291052636,258.28284718194607,259.7831592962315,87359
DEMO_C,2024-09-04,259.3643511624168,261.52449934238103,253.0837060887165,253.54598864589812,132348
DEMO_C,2024-09-05,255.35516353429753,260.53225339934943,252.53589294525355,259.48377880061054,114798
DEMO_C,2024-09-06,259.44785060066283,261.0376771346358,253.5440909292169,254.4632689647687,98126
DEMO_C,2024-09-09,255.12656063471726,258.3654565802886,252.8759924380416,256.8698336438902,101231
DEMO_C,2024-09-10,256.1070809347962,258.24331572125504,252.34903938736974,253.970259486808,118712
DEMO_C,2024-09-11,254.49392771633384,256.5979772343254,254.20944870499258,254.3179900622999,128214
DEMO_C,2024-09-12,254.61079608281827,258.80665560746445,254.33610061862257,256.3736658225253,114411
DEMO_C,2024-09-13,255.22532049807552,255.36758239118083,252.95742177154534,253.08313221987333,133154
DEMO_C,2024-09-16,253.25087027942254,259.42775692046035,251.05648473679014,258.8672934899499,140887
DEMO_C,2024-09-17,259.6901939687849,262.43938091771935,259.1289867989692,260.39955807180064,89382
DEMO_C,2024-09-18,260.63556312649854,261.62596008627,259.73260340215165,260.18138999176847,109546
DEMO_C,2024-09-19,259.35796647951986,261.8588897388402,259.0858019733632,259.48889791115175,120617
DEMO_C,2024-09-20,259.31195805288735,265.6409281797123,258.5724567009816,264.3943784724815,100339
DEMO_C,2024-09-23,264.8021780160776,267.1320149478754,264.47562170247653,266.54201390124626,78897
DEMO_C,2024-09-24,267.3867028976953,272.9924488881786,266.7717578200476,272.73427729338687,100335
DEMO_C,2024-09-25,271.96052355325986,272.0996182517698,265.8393687854726,268.83229174876595,80546
DEMO_C,2024-09-26,266.45216273905197,266.71557094114115,265.72591736115476,265.78632577623927,105384
DEMO_C,2024-09-27,265.0604628379932,267.3534865379204,258.0955253010307,259.75850069218063,94928
DEMO_C,2024-09-30,258.7829967843604,260.58029319286555,257.41312964833395,257.6416213514735,118583
DEMO_C,2024-10-01,257.32028032540813,259.3674006414604,251.53902823012328,253.71083075601138,85747
DEMO_C,2024-10-02,251.79535730776558,252.08519042584496,251.52944209320515,251.95139947219639,69701
DEMO_C,2024-10-03,251.43688243205713,258.7104490806223,248.55882992300278,256.61980094919846,96165
DEMO_C,2024-10-04,256.3566190122272,261.1555760442554,255.69303086956918,260.2349482357945,84571
DEMO_C,2024-10-07,259.3689892133443,261.32153736647984,258.17981718849677,258.47169114127973,79729
DEMO_C,2024-10-08,261.0693246679068,263.06002955749375,257.57761014120433,258.8625266388754,102224
DEMO_C,2024-10-09,258.8520448380297,267.7019149337809,256.9048824796742,264.7293980678711,116867
DEMO_C,2024-10-10,264.8610018259579,272.23441853396633,263.3076038337879,270.52860486159113,131820
DEMO_C,2024-10-11,271.47838400677045,274.74429036253144,271.38633037581684,273.8487167508894,109186
DEMO_C,2024-10-14,276.2954934664699,277.9339291585547,275.7776432906528,277.50974741016455,127816
DEMO_C,2024-10-15,277.0857065776479,281.12146049114017,276.2719017235212,280.82470753297855,131334
DEMO_C,2024-10-16,281.14232431578387,281.4533159660642,273.4584473356245,275.96607329317226,131659
DEMO_C,2024-10-17,275.8597714750788,277.55032828455694,269.7581990988133,272.9799274468256,99059
DEMO_C,2024-10-18,273.8030274113083,273.82049358426013,269.8122969600675,272.144374704211,122387
DEMO_C,2024-10-21,272.66585769639363,274.4207377650579,267.93674463189143,270.5487877546186,89853
DEMO_C,2024-10-22,270.2020487336276,273.0982825740164,268.0768415961576,271.0257566952242,105016
DEMO_C,2024-10-23,271.5594697654249,278.73430959655155,269.06949318466616,277.43384355492935,119617
DEMO_C,2024-10-24,277.37354248255207,285.7794560359193,276.5608200389056,283.82725176064,139301
DEMO_C,2024-10-25,286.34015108088533,289.95269589316604,284.3804727943352,287.568919589783,133073
DEMO_C,2024-10-28,286.4689198110007,290.023984341515,285.11593290905955,288.2920793815035,117866
DEMO_C,2024-10-29,289.66768499459494,295.4910068112069,288.1094843777085,294.08576782193063,145339
DEMO_C,2024-10-30,293.9194541671903,296.69535981907916,291.8836597515369,295.018875925192,112061
DEMO_C,2024-10-31,294.3963380291325,304.2510802458517,293.57734202106224,301.1907839338628,138667
DEMO_C,2024-11-01,302.050928463316,306.40142878586374,299.7354570351941,304.90009125985665,131269
DEMO_C,2024-11-04,303.6556466951295,306.4045378253377,303.03464174522395,305.7881312641001,95136
DEMO_C,2024-11-05,304.40194800354004,307.98922446260696,301.3974026740453,303.9546867285182,108298
DEMO_C,2024-11-06,305.46978536882966,313.3410138639585,303.20143099794603,311.37739060338475,126404
DEMO_C,2024-11-07,312.7479195935932,317.20982258422987,309.86419803891675,315.42813869505466,116233
DEMO_C,2024-11-08,313.36697318960205,318.04292439222155,310.61295441160746,316.04092586748357,118630
DEMO_C,2024-11-11,316.3675541517982,317.0717760338518,314.4732436288576,315.3562310920207,68546
DEMO_C,2024-11-12,316.58695167244866,317.83424561183244,313.92788203865604,316.12948119551635,117295
DEMO_C,2024-11-13,314.538629961678,315.2285217086948,313.98990750871275,314.1468589249467,101956
DEMO_C,2024-11-14,315.6608999128596,315.8450368771942,314.45843750899286,315.5113753629676,95421
DEMO_C,2024-11-15,316.0234319399846,317.55248617965844,312.43271601069074,314.52447627600355,106887
DEMO_C,2024-11-18,314.77788237963273,317.78820848791224,311.42142510058704,315.51919836838084,125226
DEMO_C,2024-11-19,315.6409129763399,317.4642548763215,313.21588564028957,315.0606683060031,119448
DEMO_C,2024-11-20,314.7048169229782,317.09603247790096,312.75479270142995,315.1298149032643,120747
DEMO_C,2024-11-21,316.4771156193239,318.22740674575783,312.1962828957706,314.17018549508714,80612
DEMO_C,2024-11-22,313.34087593844544,315.8044412979523,312.30220213012797,314.12581505235767,105651
DEMO_C,2024-11-25,315.2913304827784,315.37896516500837,311.40971740871083,313.5061825563005,109641
DEMO_C,2024-11-26,313.1922529089073,313.2886465376512,309.7504087430349,310.5908080842255,80477
DEMO_C,2024-11-27,309.1868867506569,311.6964837417776,303.8805520164406,307.392431172266,130519
DEMO_C,2024-11-28,309.7126972323125,313.0914932575576,302.33575619146825,305.886650347024,90193
DEMO_C,2024-11-29,306.72839303285815,307.74391816355524,303.67238418317453,306.9706302552207,98418
DEMO_C,2024-12-02,308.6918030264787,310.6877602384871,305.99952656469276,306.0906358679716,76505
DEMO_C,2024-12-03,307.44309405387077,309.9033296259581,306.38433530837864,307.30354936726394,83854
DEMO_C,2024-12-04,306.0507747410363,307.30824905804843,304.08826264597263,305.2258923329012,127879
DEMO_C,2024-12-05,303.2144645178997,307.0045950239561,301.9956965740873,304.5132814644257,105488
DEMO_C,2024-12-06,305.6626605946698,306.4319216045054,293.43206576257603,295.7283514109692,135900
DEMO_C,2024-12-09,297.0848531797151,298.4183521384423,293.80319386216047,297.2188679754737,98229
DEMO_C,2024-12-10,297.71666849623625,301.17970549753466,296.37982486592824,300.18498159214215,114656
DEMO_C,2024-12-11,301.44470924216876,302.40078882656826,298.8223213543779,299.78117842654154,117343
DEMO_C,2024-12-12,299.31536320369025,302.0731215648402,295.34283377601975,296.0397831121116,86458
DEMO_C,2024-12-13,296.3927884866477,298.71727276721805,286.4732225420498,289.3696561012267,117570
DEMO_C,2024-12-16,288.3842965564488,289.543375856524,279.0700587556497,281.13676337679124,106597
DEMO_C,2024-12-17,281.2854011764949,283.3250942742962,275.6852804390886,276.2075637653049,149027
DEMO_C,2024-12-18,275.6402905076144,277.9881697811543,269.96931446994,270.3738832853478,146344
DEMO_C,2024-12-19,269.3114234141557,269.5676426227099,257.4023442413079,258.7407039948346,139522
DEMO_C,2024-12-20,258.3972342045969,261.47306620886087,249.78296935451982,252.70479253521162,136598
DEMO_C,2024-12-23,252.41156363982984,257.0760391700972,250.00323356993118,254.0935138886246,105672
DEMO_C,2024-12-24,254.33591320034785,254.93452891888367,246.62243744716176,249.3614743142483,119896
DEMO_C,2024-12-25,248.58907600856145,250.83266151125147,246.7629153399716,247.65098405716955,98655
DEMO_C,2024-12-26,247.0671620920735,247.695056968037,242.3262775180371,245.2248852355383,98689
DEMO_C,2024-12-27,246.2841357029212,246.30741676516743,241.6576802082496,242.9164216614948,95739
DEMO_C,2024-12-30,243.16283801102566,246.1746299896132,241.1168142495132,243.75662379801145,75940
DEMO_C,2024-12-31,244.82874381132498,247.8800551043629,242.53242311868811,245.54449242816702,129718
DEMO_C,2025-01-01,245.32893526439662,246.14644476008348,241.16071280838835,243.7704537063646,112626
DEMO_C,2025-01-02,244.110704203763,246.40926852142678,243.85307724384762,245.6188092350931,132906
DEMO_C,2025-01-03,246.95261884467666,249.0823942022643,243.6900139386852,244.59523123483575,118383
DEMO_C,2025-01-06,246.43309119755477,247.42445475856948,244.53970599645524,246.15900062243725,101963
DEMO_C,2025-01-07,246.11030605380478,249.6103499610243,244.33168570221125,248.5650049780013,127437
DEMO_C,2025-01-08,246.8306035355909,248.14445542896993,243.89544091844357,248.08491816942234,130691
DEMO_C,2025-01-09,246.99218129535416,248.64738223902398,245.33267645125844,246.68413328918834,67047
DEMO_C,2025-01-10,246.97425812194803,247.40845870538072,245.11677144461015,245.97269104515283,108882
DEMO_C,2025-01-13,245.66459850049813,250.28654780949987,245.2268896129552,248.629331174412,94873
DEMO_C,2025-01-14,249.38567149956745,253.36948752541986,248.0399398833509,251.6959743228821,108790
DEMO_C,2025-01-15,250.3188522924378,254.58024753201093,250.01798363368417,252.91714794153162,80641
DEMO_C,2025-01-16,254.03758018528697,258.452187444679,251.07849308755803,255.5685684048728,102665
DEMO_C,2025-01-17,255.06748305214558,259.67630602617226,254.8505331704914,257.68213017634747,114421
DEMO_C,2025-01-20,256.7434626023684,259.8774844029918,254.55581762074283,257.16351831191383,66246
DEMO_C,2025-01-21,257.265169455165,258.56005995228304,254.7525336772736,255.20150298368344,126838
DEMO_C,2025-01-22,256.2054060082473,263.1511477991457,255.28417203403427,260.8100055705324,99742
DEMO_C,2025-01-23,260.77962843743404,263.8828327092085,258.76332340310347,262.2078935487421,88332
DEMO_C,2025-01-24,260.7684397628305,263.0870053512899,254.26741066480386,256.07749512320635,97533
DEMO_C,2025-01-27,255.5370829688812,264.3176917891744,255.4327089428976,261.3730884947341,120442
DEMO_C,2025-01-28,260.97063250804575,263.96029623529995,258.8361994673465,259.9298793973309,109431
DEMO_C,2025-01-29,260.04929503258677,264.26139771949437,259.8846573870577,263.4844697799008,82007
DEMO_C,2025-01-30,262.41774334996774,265.7756588404745,259.4772718046459,265.13893984805657,84634
DEMO_C,2025-01-31,264.60689902047125,266.41870718308786,260.26304931532127,263.11810084975133,90596
DEMO_C,2025-02-03,264.3904149471094,269.59671792484556,262.8099997632387,266.84835118069753,76439
DEMO_C,2025-02-04,266.471807339615,266.7814574331363,261.487830491732,264.2439037168746,123217
DEMO_C,2025-02-05,264.73850928297304,265.5778619459341,260.44762179519927,261.08316707688505,142703
DEMO_C,2025-02-06,260.3684330636961,262.339919198231,259.2608485414742,261.6320132659372,83007
DEMO_C,2025-02-07,261.6511053761954,268.505179192514,261.3598574834437,265.7495065605316,143360
DEMO_C,2025-02-10,265.66759283481116,266.8356142060011,264.23140704129366,266.4746455682632,122008
DEMO_C,2025-02-11,266.6738989034577,273.8602512717158,264.3810529075737,272.88734131568475,154601
DEMO_C,2025-02-12,274.48277147129664,275.34922647656146,273.1145463260273,273.12429377718,110285
DEMO_C,2025-02-13,272.6261827683641,277.6347336606529,270.83371141650844,275.4155960642913,135337
DEMO_C,2025-02-14,276.4188958018016,276.6206956945274,276.0638991025523,276.52783184088685,126235
DEMO_C,2025-02-17,276.16564628624167,278.7151903001987,274.9310737027321,278.05760410989365,80255
DEMO_C,2025-02-18,277.87678341784766,279.3523891444402,276.7032114833747,278.7797295149979,92468
DEMO_C,2025-02-19,282.1201045913994,286.3407042000205,279.5494478976135,286.1241376466085,137584
DEMO_C,2025-02-20,286.2117038588995,291.85596920078365,285.6774984955807,290.527687307491,144334
DEMO_C,2025-02-21,291.83034971630553,300.89985974030196,288.76565716866054,298.8364004015866,147181
DEMO_C,2025-02-24,298.2970994641775,304.9140692417451,295.85147082657943,302.7561595396417,89981
DEMO_C,2025-02-25,302.4178621275356,308.978820610617,302.3101608303306,308.39881470816204,134962
DEMO_C,2025-02-26,307.1189756570166,309.0231385390057,303.0547990482653,303.8411324772682,102789
DEMO_C,2025-02-27,303.62715623101536,307.7590152630488,300.81050765901335,306.2141505571239,127515
DEMO_C,2025-02-28,305.32762084555975,307.63703123615426,298.06198579336353,301.573011257437,119500
DEMO_C,2025-03-03,299.90337836521286,300.7230642750695,296.17287167466964,299.4781676550854,95619
DEMO_C,2025-03-04,300.708325998219,302.646164587956,292.1374441438485,293.40040170648564,129525
DEMO_C,2025-03-05,292.17878527080256,298.61696713353047,289.1832788739992,295.1420451809716,134575
DEMO_C,2025-03-06,293.07305037855315,301.3140647390411,292.9292005408678,299.2498685917538,143353
DEMO_C,2025-03-07,299.4310602384411,304.67008124267574,296.921892759975,302.98836117476804,110655
DEMO_C,2025-03-10,301.81957216341704,303.62947831042237,296.20716896328537,299.69006028207076,96572
DEMO_C,2025-03-11,299.4702604047902,307.1575163100574,296.9746530660222,304.0373249174131,113572
DEMO_C,2025-03-12,303.9845407208492,311.7153190645855,302.2469016800177,309.7712867779737,145097
DEMO_C,2025-03-13,310.4560212163564,317.9707217073136,309.291271541617,317.01294809670566,114124
DEMO_C,2025-03-14,316.2210396655056,320.05088282302904,314.61489385796176,318.4820227572156,97348
DEMO_C,2025-03-17,321.2307450823548,336.0159340584424,319.6722287982323,333.9516008553402,113440
DEMO_C,2025-03-18,335.78168767638795,338.9298343294262,331.83831220369103,336.85862810107807,126553
DEMO_C,2025-03-19,334.9343814842727,341.11069695591397,334.728735498021,337.5326623956445,130234
DEMO_C,2025-03-20,336.05019890678955,340.8822728385963,332.18414466709993,337.6154745200215,112125
DEMO_C,2025-03-21,335.93282619986235,338.98622297923606,328.6206808757101,332.1109680198391,112592
DEMO_C,2025-03-24,332.69804926607617,334.9864598828148,331.92658898450713,334.4962246980432,132487
DEMO_C,2025-03-25,336.2552124600044,341.70204429089216,334.96172601843534,338.6780398977962,83599
DEMO_C,2025-03-26,338.6798975647691,342.64783179487654,334.54566962852266,335.8369667338284,101397
DEMO_C,2025-03-27,336.9687672667274,340.2405631909311,333.9818342257971,334.26599897122276,81760
DEMO_C,2025-03-28,335.89020668489167,340.9237220408498,335.00553905775894,338.0759350421754,118632
DEMO_C,2025-03-31,339.13947064803125,340.72298138700364,334.4400371641103,335.2806470720707,117449
DEMO_C,2025-04-01,335.7923927781233,336.2643594920181,332.01776886511817,332.2821094779662,116744
DEMO_C,2025-04-02,331.00069433593507,331.3007963934421,328.1879809506006,328.7862646330741,130763
DEMO_C,2025-04-03,326.47807965492257,329.0371085488776,321.796307491427,322.93687233463584,123649
DEMO_C,2025-04-04,321.74382978140017,322.08969471012904,310.87851568222874,313.7283122983651,120712
DEMO_C,2025-04-07,312.2616589436926,317.81859458949344,309.9106770562745,314.1620828266862,129409
DEMO_C,2025-04-08,314.5429423139765,321.8659985046836,312.66221452594476,318.940104299741,88951
DEMO_C,2025-04-09,319.33840461056036,320.99893434086977,315.30383986655556,316.75942552675326,132888
DEMO_C,2025-04-10,317.86190414677304,320.59562718099033,317.29560984160605,317.71128284950396,66070
DEMO_C,2025-04-11,317.100911685437,320.6132361993275,315.2471071906089,317.8081171533524,103589
DEMO_C,2025-04-14,317.05722387400647,320.36863599788785,302.6715431073495,306.0173225424848,166224
DEMO_C,2025-04-15,305.47755604349663,306.2331376219475,295.4781429649661,297.84118210086035,119903
DEMO_C,2025-04-16,297.5781237963239,301.17398533511863,294.1288412265761,300.91325884775193,83642
DEMO_C,2025-04-17,300.742114111834,301.87889865643405,293.56424700752814,293.8747081958263,127170
DEMO_C,2025-04-18,293.03879811418466,293.92958882716124,290.40263098678776,292.31289076221253,95928
DEMO_C,2025-04-21,291.1252879425625,292.204977089877,287.15449341595075,287.58166825689716,90513
DEMO_C,2025-04-22,287.23972949966355,287.3245629664965,284.205872491509,284.2448898899508,113423
DEMO_C,2025-04-23,284.51551890300544,285.10234006748607,278.50267684351473,279.59322264772203,114527
DEMO_C,2025-04-24,279.62859657836924,285.9693626886838,278.3895001147259,283.25883408110866,138643
DEMO_C,2025-04-25,282.5663387693619,289.6888946660015,279.8425870488044,286.3894618464008,110298
DEMO_C,2025-04-28,284.450060388152,284.6561532777733,279.6400433258109,280.4281422074639,138186
DEMO_C,2025-04-29,278.7716707677371,286.75213313300696,276.3104907210916,285.5056344267592,106913
DEMO_C,2025-04-30,286.79199734736443,289.8280342942927,282.7106559342612,283.422122486923,83146
DEMO_C,2025-05-01,283.15077775951886,286.1251912923973,277.54764546833945,278.66178427745706,138730
DEMO_C,2025-05-02,277.19261406178424,281.0933887315919,276.13790776855865,280.7243881835471,115441
DEMO_C,2025-05-05,280.2716054494558,285.76969608044607,277.7637697681172,283.9305629077097,137156
DEMO_C,2025-05-06,283.1183597430778,286.9822032401171,280.9060570272045,284.7540308576278,83644
DEMO_C,2025-05-07,283.4064470395556,286.1212535652377,280.54756844335793,283.6688138591083,92326
DEMO_C,2025-05-08,284.55226800455114,287.13071548589056,279.90611080575326,281.64942925699575,117465
DEMO_C,2025-05-09,282.50896375623665,285.72932478601854,277.6573132947768,279.6000927219933,123881
DEMO_C,2025-05-12,280.25279306216464,289.6152274946111,278.99785806241306,286.7992090076548,102584
DEMO_C,2025-05-13,287.64912422302996,289.6014394092008,283.48735563577316,284.8627227662292,103025
DEMO_C,2025-05-14,285.3411938921291,285.9770711869837,281.6802588421083,284.0617948474392,118855
DEMO_C,2025-05-15,282.31538485417485,285.48769574988796,279.9653962587743,282.89004555427545,95282
DEMO_C,2025-05-16,283.5534480343792,286.87693437265966,274.65933465488075,276.9468911022728,144420
DEMO_C,2025-05-19,275.3563336481098,282.2213623519164,273.5439557534899,279.6421739159036,107386
DEMO_C,2025-05-20,279.67399213949506,285.9187873022217,278.099254318912,284.21156987199856,135070
DEMO_C,2025-05-21,283.7721157617405,285.4106774749357,280.87846923271945,284.54573445100044,82488
DEMO_C,2025-05-22,285.28720010705723,288.22460954657413,284.0823810306731,285.89886785581734,81570
DEMO_C,2025-05-23,285.9642283337815,289.24417171898347,283.5768075549449,285.4564856539977,107355
DEMO_C,2025-05-26,283.9595972077838,285.191828333804,282.1058425966565,284.4181413258993,82073
DEMO_C,2025-05-27,283.45950999657725,285.5273521213342,282.3759238801314,282.9595173299894,85075
DEMO_C,2025-05-28,284.23604691820157,286.7290108513457,278.9372999309043,282.07744123754543,121351
DEMO_C,2025-05-29,283.11685097061155,285.19298827819483,281.53736078342257,285.11149767345535,102959
DEMO_C,2025-05-30,285.38837002940346,285.9262313034657,280.36338597466494,283.1046326390188,74292
DEMO_C,2025-06-02,281.76074209860764,286.60818583767787,279.0104735110481,284.9728325630982,115417
DEMO_C,2025-06-03,285.7431623568809,287.3824860497617,280.6963758983963,281.57688756362205,140674
DEMO_C,2025-06-04,280.34137473071297,288.68948097199035,279.6527539043992,287.53896379814125,139017
DEMO_C,2025-06-05,286.18947653040135,290.9510268731718,283.744157878036,287.9459614403677,80635
DEMO_C,2025-06-06,285.4619010517385,287.1590655266772,283.7000394000699,283.98304075641215,79982
DEMO_C,2025-06-09,283.7587182004956,283.8387816908227,278.83381858824265,281.71788828862407,115321
DEMO_C,2025-06-10,282.1002841918176,288.25286469762864,281.8951559372164,286.47201242471726,85147
DEMO_C,2025-06-11,287.067390328506,292.59437457026945,283.76916866561214,290.72231643289234,121921
DEMO_C,2025-06-12,290.4711459421525,296.84986559787706,289.97496952343687,295.63175834215014,105597
DEMO_C,2025-06-13,295.04932691894635,299.5966078185151,294.3711003767689,297.2785558155346,92126
DEMO_C,2025-06-16,297.3526016954992,311.87179637769174,295.6802855745864,309.72370508008646,177486
DEMO_C,2025-06-17,309.9669952994177,313.2489358420299,306.70292461817667,308.9306648988458,104781
DEMO_C,2025-06-18,310.99236401332604,313.2820002621035,308.6255326948326,312.6456993208531,104701
DEMO_C,2025-06-19,313.05536455460583,316.4662112946417,308.48769815892916,309.6747103548038,94024
DEMO_C,2025-06-20,311.06142034209546,314.3877521986294,307.4355722499609,313.6991951955958,116335
DEMO_C,2025-06-23,315.04337260256045,318.7073255436534,314.8914422651374,317.1808721900177,112445
DEMO_C,2025-06-24,317.48985324862446,323.27979432338304,314.2467846017634,321.79444837695183,127132
DEMO_C,2025-06-25,325.3917342405663,332.62772059543727,324.5918409588077,332.1719441033136,134644
DEMO_C,2025-06-26,332.23126344919456,336.2878113632897,329.7641329680731,334.8639825254748,131551
DEMO_C,2025-06-27,336.75539570246855,342.84651716757264,334.6170324079008,342.0583813825749,121047
DEMO_C,2025-06-30,345.5138209310745,346.1169054298396,337.95402683941467,339.18921889098453,107171
DEMO_C,2025-07-01,338.2169461502496,339.1884591887651,335.2867800214118,338.12205318441977,77417
DEMO_C,2025-07-02,338.7865383871279,347.9038261865501,337.59513550473997,343.98483846570656,145793
DEMO_C,2025-07-03,346.12162407106075,346.21501977738546,344.86661207880195,345.49802819820144,126246
DEMO_C,2025-07-04,344.46034341979555,346.85678288927835,341.17368811271604,346.56388080113345,98049
DEMO_C,2025-07-07,343.66199035359205,345.40228313961893,341.21774314869634,341.75425217030994,87488
DEMO_C,2025-07-08,341.8214740765033,344.3598080590368,335.03863183780675,337.8329703954005,91337
DEMO_C,2025-07-09,338.47372418820873,341.7276703524489,336.7322015247851,339.78035047304417,82068
DEMO_C,2025-07-10,338.77056521858924,342.7659433973857,336.77856230770743,338.27743689812684,108639
DEMO_C,2025-07-11,338.30416975336715,340.7184743276029,331.3129355700047,334.68555086147614,111638
DEMO_C,2025-07-14,334.9889115170843,338.4820440179567,331.2144419328298,337.8336403981425,100568
DEMO_C,2025-07-15,334.67525217159454,338.974144616102,330.78605954304226,337.73231378081573,113798
DEMO_C,2025-07-16,337.89116357220547,340.8478850541996,331.9519593630182,334.8857383541223,75341
DEMO_C,2025-07-17,334.8968512779235,338.72744299865883,332.19472120631485,332.93529547811295,120343
DEMO_C,2025-07-18,331.69948585129055,339.1501273462278,331.26675177371766,337.37929421984364,109976
DEMO_C,2025-07-21,334.8529636873071,337.2281396431136,331.432452019376,335.9228573963212,95862
DEMO_C,2025-07-22,335.27693990954833,336.7663780819724,331.47069207833346,331.47917054763377,85721
DEMO_C,2025-07-23,331.0237276822893,332.0367980529685,319.0966850021794,322.3410622239277,145995
DEMO_C,2025-07-24,323.4055994533279,324.5425816254964,319.9079481780077,320.1373132503866,106930
DEMO_C,2025-07-25,318.11101465442454,324.34956635158625,315.6194860287452,322.5026937241195,111296
DEMO_C,2025-07-28,323.58861149412496,330.2387814805465,319.9540953103286,329.093908470079,103887
DEMO_C,2025-07-29,329.52053096620915,336.42704536074683,327.94801621586043,335.69345617345095,108934
DEMO_C,2025-07-30,335.1440652366217,335.61277785825627,330.06627329061297,331.66461306960724,128439
DEMO_C,2025-07-31,333.6389238095905,337.394280794013,328.14661828513067,329.2762530325644,109271
DEMO_C,2025-08-01,330.1314941805004,331.4434216130408,326.4901126412559,331.35850827432387,82761
DEMO_C,2025-08-04,333.06196774657536,334.06322135597526,327.1133956156307,329.58159160119004,107159
DEMO_C,2025-08-05,330.666566070008,330.6670220787655,325.7369741744493,327.80507738640995,87555
DEMO_C,2025-08-06,327.38085011608143,328.66260884564014,325.27094077025544,325.59728803926464,80662
DEMO_C,2025-08-07,323.41399089218174,326.6529291860707,317.0730842633784,318.6119573037943,124052
DEMO_C,2025-08-08,320.8389933330391,320.85053900239035,313.60037960589244,316.83392447625215,113116
